[
    {
        "model": "artists.artists",
        "pk": 1,
        "fields": {
            "artist": "Шишкин Иван Иванович",
            "birth_date": 1832,
            "death_date": 1898,
            "alived": false,
            "short_biography": "Родина одного из самых известных, даже культовых художников России – город Елабуга. Он родился в этом провинциальном местечке 13 января 1832 года. В будущем стал известен, как пейзажист, с фотографической точностью передающий мельчайшие детали природы родного края.",
            "artist_photo": "artists/shishkin.jpeg",
            "artist_slug": "shishkin"
        }
    },
    {
        "model": "artists.artists",
        "pk": 2,
        "fields": {
            "artist": "Репин Илья Ефимович",
            "birth_date": 1844,
            "death_date": 1930,
            "alived": false,
            "short_biography": "Илья Ефимович Репин является одним из самых ярких представителей русской живописи XIX-XX веков. Как утверждал сам художник, искусство было с ним всегда и везде и никогда его не покидало.",
            "artist_photo": "artists/repin.jpeg",
            "artist_slug": "repin"
        }
    },
    {
        "model": "artists.artists",
        "pk": 3,
        "fields": {
            "artist": "Левитан Исаак Ильич",
            "birth_date": 1860,
            "death_date": 1900,
            "alived": false,
            "short_biography": "Исаак Левитан не получил законченного художественного образования, однако его картины пополняли коллекцию Павла Третьякова, появлялись в экспозициях передвижников и на Всемирной выставке в Париже. В 38 лет живописец получил звание академика пейзажной живописи и стал преподавать в Училище живописи, ваяния и зодчества, которое когда-то не окончил сам.",
            "artist_photo": "artists/levitan.jpeg",
            "artist_slug": "levitan"
        }
    },
    {
        "model": "artists.artists",
        "pk": 4,
        "fields": {
            "artist": "Саврасов Алексей Кондратьевич",
            "birth_date": 1830,
            "death_date": 1897,
            "alived": false,
            "short_biography": "При упоминании Саврасова все вспоминают хрестоматийную «Грачи прилетели», наиболее просвещенные – ещё два – три пейзажа: «Лосиный остров в Сокольниках», «Просёлок», «Радуга», а также расхожие штампы – художник одной картины, спился, умер в нищете, царская действительность загубила большой талант. Но так ли уж это верно?",
            "artist_photo": "artists/savrasov.jpg",
            "artist_slug": "savrasov"
        }
    },
    {
        "model": "artists.artists",
        "pk": 5,
        "fields": {
            "artist": "Суриков Василий Иванович",
            "birth_date": 1848,
            "death_date": 1916,
            "alived": false,
            "short_biography": "Трудно рассказывать о человеке, который овеян легендами и прочими вещами, которые сопутствуют знаменитым людям. Василий Иванович Суриков ещё при жизни стал великим художником и удивительным мастером исторического полотна.",
            "artist_photo": "artists/syrikov.jpg",
            "artist_slug": "syrikov"
        }
    },
    {
        "model": "artists.artists",
        "pk": 6,
        "fields": {
            "artist": "Маковский Константин Егорович",
            "birth_date": 1839,
            "death_date": 1915,
            "alived": false,
            "short_biography": "Константин Маковский – один из самых крупных живописцев и портретистов России 19 века, член творческого объединения передвижных художественных выставок, автор жанрово-исторических произведений, человек большого таланта и мастерства.",
            "artist_photo": "artists/konstantin_makovskiy.jpg",
            "artist_slug": "konstantin_makovskiy"
        }
    },
    {
        "model": "artists.artists",
        "pk": 7,
        "fields": {
            "artist": "Поленов Василий Дмитриевич",
            "birth_date": 1844,
            "death_date": 1927,
            "alived": false,
            "short_biography": "Известный художник-живописец-пейзажист, Василий Дмитриевич Поленов в своих произведениях отражает свой внутренний мир. Он непревзойдённый пейзажист. В его полотнах природа нашего удивительного края – средней полосы России, изображена так, что создается впечатление, что она продолжает там жить и радовать его почитателей. Всем поклонникам таланта Поленова известна любовь к дорогому его сердцу родовому деревенскому дому-усадьбе, основанному им в средней полосе России, в Тульской области. Там же, вокруг дома, заложил и основал Василий Поленов потрясающий парк, находящийся на живописных берегах реки Оки, дошедший до нас совсем без изменений.",
            "artist_photo": "artists/polenov.jpeg",
            "artist_slug": "polenov"
        }
    },
    {
        "model": "artists.artists",
        "pk": 8,
        "fields": {
            "artist": "Серов Валентин Александрович",
            "birth_date": 1865,
            "death_date": 1911,
            "alived": false,
            "short_biography": "Валентин Серов писал портреты и пейзажи, рисовал иллюстрации и выпускал журнал «Мир искусства», преподавал живопись и состоял в совете Третьяковской галереи. «Девочка с персиками», полотна с членами императорской семьи, афиша с Анной Павловой и портрет обнаженной Иды Рубинштейн — вспоминаем творчество известного русского художника.",
            "artist_photo": "artists/serov.jpg",
            "artist_slug": "serov"
        }
    },
    {
        "model": "artists.artists",
        "pk": 9,
        "fields": {
            "artist": "Перов Василий Григорьевич",
            "birth_date": 1833,
            "death_date": 1882,
            "alived": false,
            "short_biography": "Василия Перова один из его учеников называл «подлинным певцом скорби». И не зря: постоянными персонажами его жанровых картин были измученные крестьяне, голодные, замерзшие или оплакивающие умерших родственников. Однако кисти Перова принадлежат не только социальные работы, но и целая портретная галерея, а также картины на исторические сюжеты.",
            "artist_photo": "artists/perov.jpeg",
            "artist_slug": "perov"
        }
    },
    {
        "model": "artists.artists",
        "pk": 10,
        "fields": {
            "artist": "Куинджи Архип Иванович",
            "birth_date": 1842,
            "death_date": 1910,
            "alived": false,
            "short_biography": "Слава пришла к Архипу Куинджи не сразу: Айвазовский не брал его в ученики, Академия художеств не принимала даже в вольнослушатели. Однако он стал одним из самых известных художников эпохи, его полотна покупали коллекционеры и члены императорской семьи, а на выставках выстраивались очереди.",
            "artist_photo": "artists/kuindzhi.jpg",
            "artist_slug": "kuindzhi"
        }
    },
    {
        "model": "artists.artists",
        "pk": 11,
        "fields": {
            "artist": "Ге Николай Николаевич",
            "birth_date": 1831,
            "death_date": 1894,
            "alived": false,
            "short_biography": "Путь к виртуозному мастерству Ге не был прост: долгие годы художник учился на математика, а потом пошел против воли отца и поступил в Академию художеств.",
            "artist_photo": "artists/ge.jpg",
            "artist_slug": "ge"
        }
    },
    {
        "model": "artists.artists",
        "pk": 12,
        "fields": {
            "artist": "Васнецов Аполлинарий Михайлович",
            "birth_date": 1856,
            "death_date": 1933,
            "alived": false,
            "short_biography": "Аполлинарий Васнецов — младший брат знаменитого живописца Виктора Васнецова. В тени своего успешного родственника и первого учителя он не затерялся. Художник и ученый, историк и поэт русской природы. Изучая историю и археологию, в своем творчестве выбрал главной темой родные просторы и старую Москву.",
            "artist_photo": "artists/appolinariy_vasnetsov.jpg",
            "artist_slug": "appolinariy_vasnetsov"
        }
    },
    {
        "model": "artists.artists",
        "pk": 13,
        "fields": {
            "artist": "Васнецов Виктор Михайлович",
            "birth_date": 1848,
            "death_date": 1926,
            "alived": false,
            "short_biography": "Виктор Васнецов был известным мастером бытовой и исторической живописи — его картины приобретали коллекционеры Павел Третьяков и Савва Мамонтов. Полотно Васнецова «Богатыри» стало одним из первых обращений к былинному сюжету в истории русской живописи. Кроме написания картин Васнецов делал иллюстрации к книгам, создавал эскизы архитектурных сооружений и расписывал храмы в разных городах России.",
            "artist_photo": "artists/viktor_vasnetsov.jpg",
            "artist_slug": "viktor_vasnetsov"
        }
    },
    {
        "model": "artists.artists",
        "pk": 14,
        "fields": {
            "artist": "Маковский Владимир Егорович",
            "birth_date": 1846,
            "death_date": 1920,
            "alived": false,
            "short_biography": "Вместе со своими братьями и сестрами Владимир Маковский с детства учился рисовать и мечтал стать художником. Он закончил Московское училище живописи, ваяния и зодчества и стал одним из основателей и членов правления Товарищества передвижных выставок. Маковский прославился благодаря своим жанровым сценкам, картинам на революционные сюжеты, портретам украинских крестьян.",
            "artist_photo": "artists/vladimir_makovskiy.jpg",
            "artist_slug": "vladimir_makovskiy"
        }
    },
    {
        "model": "feedback.feedback",
        "pk": 1,
        "fields": {
            "name": "Наталья Владимировна Овчар",
            "mail": "ss3ovchar@yandex.ru",
            "feedback_text": "wdefrgrt",
            "created_on": "2023-03-29T20:38:51.908Z"
        }
    },
    {
        "model": "feedback.feedback",
        "pk": 2,
        "fields": {
            "name": "Наталья Владимировна Овчар",
            "mail": "ss3ovchar@yandex.ru",
            "feedback_text": "ыфвяаиап",
            "created_on": "2023-03-29T21:31:51.470Z"
        }
    },
    {
        "model": "feedback.feedback",
        "pk": 3,
        "fields": {
            "name": "Наталья Владимировна Овчар",
            "mail": "ss3ovchar@yandex.ru",
            "feedback_text": "dwefrv",
            "created_on": "2023-03-29T21:32:37.588Z"
        }
    },
    {
        "model": "feedback.feedback",
        "pk": 4,
        "fields": {
            "name": "Наталья Владимировна Овчар",
            "mail": "ss3ovchar@yandex.ru",
            "feedback_text": "sdvdfxbgnh",
            "created_on": "2023-03-29T22:35:37.078Z"
        }
    },
    {
        "model": "feedback.feedback",
        "pk": 5,
        "fields": {
            "name": "Наталья Владимировна Овчар",
            "mail": "ss3ovchar@yandex.ru",
            "feedback_text": "sefghmjkl",
            "created_on": "2023-03-31T09:49:31.405Z"
        }
    },
    {
        "model": "feedback.feedback",
        "pk": 6,
        "fields": {
            "name": "sxcdfvg",
            "mail": "ss3ovchar@yandex.ru",
            "feedback_text": "dwsvf",
            "created_on": "2023-04-07T10:01:41.617Z"
        }
    },
    {
        "model": "feedback.feedback",
        "pk": 7,
        "fields": {
            "name": "Наталья Владимировна Овчар",
            "mail": "ss3ovchar@yandex.ru",
            "feedback_text": "cdvfbgnh",
            "created_on": "2023-04-07T10:02:13.301Z"
        }
    },
    {
        "model": "feedback.feedback",
        "pk": 8,
        "fields": {
            "name": "Наталья Владимировна Овчар",
            "mail": "ss3ovchar@yandex.ru",
            "feedback_text": "dcvfgbhnj",
            "created_on": "2023-04-07T10:03:36.265Z"
        }
    },
    {
        "model": "feedback.feedback",
        "pk": 9,
        "fields": {
            "name": "Наталья Владимировна Овчар",
            "mail": "ss3ovchar@yandex.ru",
            "feedback_text": "eragsthyjuki",
            "created_on": "2023-04-07T10:04:28.738Z"
        }
    },
    {
        "model": "feedback.feedback",
        "pk": 10,
        "fields": {
            "name": "ывса",
            "mail": "ss3ovchar@yandex.ru",
            "feedback_text": "ывсма",
            "created_on": "2023-04-07T10:28:47.803Z"
        }
    },
    {
        "model": "feedback.feedback",
        "pk": 11,
        "fields": {
            "name": "Максим Леонидович Овчар",
            "mail": "ss3ovchar@yandex.ru",
            "feedback_text": "цусмкиер",
            "created_on": "2023-04-07T10:41:18.343Z"
        }
    },
    {
        "model": "feedback.feedback",
        "pk": 12,
        "fields": {
            "name": "Наталья Владимировна Овчар",
            "mail": "ss3ovchar@yandex.ru",
            "feedback_text": "вфуыамип",
            "created_on": "2023-04-07T10:48:34.636Z"
        }
    },
    {
        "model": "feedback.feedback",
        "pk": 13,
        "fields": {
            "name": "sad v",
            "mail": "ss3ovchar@yandex.ru",
            "feedback_text": "adsvf",
            "created_on": "2023-04-07T10:55:11.032Z"
        }
    },
    {
        "model": "feedback.feedback",
        "pk": 14,
        "fields": {
            "name": "Наталья Владимировна Овчар",
            "mail": "ss3ovchar@yandex.ru",
            "feedback_text": "вфуыамип",
            "created_on": "2023-04-07T10:56:43.123Z"
        }
    },
    {
        "model": "feedback.feedback",
        "pk": 15,
        "fields": {
            "name": "sad",
            "mail": "ss3ovchar@yandex.ru",
            "feedback_text": "ФЫВмяап",
            "created_on": "2023-04-07T10:57:46.300Z"
        }
    },
    {
        "model": "feedback.feedback",
        "pk": 16,
        "fields": {
            "name": "Наталья Владимировна Овчар",
            "mail": "ss3ovchar@yandex.ru",
            "feedback_text": "dasfdfbg",
            "created_on": "2023-04-07T10:58:48.167Z"
        }
    },
    {
        "model": "feedback.feedback",
        "pk": 17,
        "fields": {
            "name": "Наталья Владимировна Овчар",
            "mail": "ss3ovchar@yandex.ru",
            "feedback_text": "sacdvfbgnh",
            "created_on": "2023-04-07T11:01:03.215Z"
        }
    },
    {
        "model": "feedback.feedback",
        "pk": 18,
        "fields": {
            "name": "Наталья Владимировна Овчар",
            "mail": "ss3ovchar@yandex.ru",
            "feedback_text": "sacdvfbgnh",
            "created_on": "2023-04-07T11:01:42.445Z"
        }
    },
    {
        "model": "feedback.feedbackfiles",
        "pk": 1,
        "fields": {
            "feedback": 1,
            "file": "uploads/1/1680122331.9242523_speech_text.docx"
        }
    },
    {
        "model": "feedback.feedbackfiles",
        "pk": 2,
        "fields": {
            "feedback": 1,
            "file": "uploads/1/1680122331.9379194_Л6._обработка_post-запросов.pdf"
        }
    },
    {
        "model": "feedback.feedbackfiles",
        "pk": 3,
        "fields": {
            "feedback": 2,
            "file": "uploads/2/1680125511.7983623_speech_text.docx"
        }
    },
    {
        "model": "feedback.feedbackfiles",
        "pk": 4,
        "fields": {
            "feedback": 2,
            "file": "uploads/2/1680125511.8143973_Л6._обработка_post-запросов.pdf"
        }
    },
    {
        "model": "feedback.feedbackfiles",
        "pk": 5,
        "fields": {
            "feedback": 3,
            "file": "feedback_files/3/1680125557.975837_speech_text.docx"
        }
    },
    {
        "model": "feedback.feedbackfiles",
        "pk": 6,
        "fields": {
            "feedback": 3,
            "file": "feedback_files/3/1680125557.989281_Л6._обработка_post-запросов.pdf"
        }
    },
    {
        "model": "feedback.feedbackfiles",
        "pk": 7,
        "fields": {
            "feedback": 4,
            "file": "feedback_files/4/1680129337.092942_speech_text.docx"
        }
    },
    {
        "model": "feedback.feedbackfiles",
        "pk": 8,
        "fields": {
            "feedback": 4,
            "file": "feedback_files/4/1680129337.104266_Л6._обработка_post-запросов.pdf"
        }
    },
    {
        "model": "feedback.feedbackfiles",
        "pk": 9,
        "fields": {
            "feedback": 5,
            "file": "feedback_files/5/1680256171.4299057_speech_text.docx"
        }
    },
    {
        "model": "feedback.feedbackfiles",
        "pk": 10,
        "fields": {
            "feedback": 5,
            "file": "feedback_files/5/1680256171.4461255_Л6._обработка_post-запросов.pdf"
        }
    },
    {
        "model": "galleries.galleries",
        "pk": 1,
        "fields": {
            "gallery_name": "Государственная Третьяковская галерея",
            "gallery_location": "Лаврушинский пер., 10, Москва",
            "gallery_slug": "tretyakovskaya",
            "gallery_description": "Третьяковская галерея была создана в 1856 году. Ее создателем считается купец Павел Третьяков. Через 11 лет, в 1867 году галерею открыли для посетителей, а 1892 году хозяин подарил ее городу. Так из личного музея Третьяковка превратилась в государственную собственность.\r\nУже на тот момент поражал размах экспозиции – в 1892 году в коллекции насчитывалось более 1200 картин, 471 рисунков и около десятка различных скульптур.\r\nВ 1917 году, после окончания революции, Третьяковка была национализирована, после чего в ней стали появляться различные вещи, принадлежавшие частным коллекциям, как русским, так и зарубежным.\r\nНа текущий момент в галерее можно посмотреть около 180 тысяч различных экспонатов. В Третьяковской галерее представлены не только произведения русских и зарубежных художников, но и различные изделия из драгоценных металлов, имеющие историческую ценность.",
            "gallery_image": "galleries/tretyakovskaya.jpg"
        }
    },
    {
        "model": "galleries.galleries",
        "pk": 2,
        "fields": {
            "gallery_name": "Киевская картинная галерея",
            "gallery_location": "Терещенковская ул., 9, Киев",
            "gallery_slug": "kievskaya",
            "gallery_description": "Музей основали, взяв за начало коллекцию семьи Терещенко. Открытие музея было связано с годовщиной Октябрьской Революции. \r\nСегодня галерея открыта для посетителей. Там проводят лекции для школьников и взрослых. Цикл лекций включает историю русского изобразительного искусства, начиная с 13 и заканчивая 20 веком, охватывает основную информацию о собраниях русского искусства. Большое внимание уделено значимым мастерам и их работам. Также лекции сопровождаются визуальным показом.\r\nВ коллекции музея представлены известные мировые шедевры: “Борис и Глеб” (первая половина 13 века – самая древняя работа в экспозиции), М.А. Врубель “Девочка на фоне персидского ковра” 1886 года и другие.\r\nВ галерее проводят выставки, тематически посвященные зарубежным и отечественным мастерам.",
            "gallery_image": "galleries/kievskaya_gApqLSu.jpg"
        }
    },
    {
        "model": "galleries.galleries",
        "pk": 3,
        "fields": {
            "gallery_name": "Государственный Русский музей",
            "gallery_location": "Санкт-Петербург, Инженерная ул., 4",
            "gallery_slug": "state_russian_museum",
            "gallery_description": "Государственный Русский музей (ГРМ) – первый в России государственный музей русского изобразительного искусства, был основан в 1895 году в Санкт-Петербурге по указу императора Николая II и открыт для посетителей 19 марта (7 марта по старому стилю) 1898 года. Специально для музея в 1895 году было выкуплено здание Михайловского дворца, построенного по проекту известного архитектора Карла Росси в 1819-1825 годах в стиле высокого классицизма.",
            "gallery_image": "galleries/state_russian_museum.jpg"
        }
    },
    {
        "model": "galleries.galleries",
        "pk": 4,
        "fields": {
            "gallery_name": "Всероссийский музей А. С. Пушкина",
            "gallery_location": "Петербург, наб. реки Мойки, д. 12",
            "gallery_slug": "russian_museum_pushkin",
            "gallery_description": "Всероссийский музей А.С. Пушкина — старейший Пушкинский музей России. Ведет свою историю с 1879 года. Включает 6 музейных объектов и является одним из крупнейших литературно-мемориальных музейных комплексов в Европе. Основой собрания музея стала пушкинская коллекция Императорского Александровского лицея, где и был создан первый в России пушкинский музей.\r\nВ 1997 году Указом Президента Российской Федерации Всероссийский музей А.С. Пушкина отнесен к особо ценным объектам культурного наследия народов России. Богатейшее собрание музея складывалось на протяжении многих десятилетий, и сегодня фонды музея обладают значительной коллекцией мемориальных, изобразительных, историко-бытовых материалов XVIII–XX столетий.",
            "gallery_image": "galleries/russian_museum_pushkin.jpg"
        }
    },
    {
        "model": "galleries.galleries",
        "pk": 5,
        "fields": {
            "gallery_name": "Частные коллекции",
            "gallery_location": "-------------",
            "gallery_slug": "private_collections",
            "gallery_description": "---------------",
            "gallery_image": "galleries/private_collections.jpg"
        }
    },
    {
        "model": "galleries.galleries",
        "pk": 6,
        "fields": {
            "gallery_name": "Ульяновский художественный музей",
            "gallery_location": "Петербург, Инженерная ул., д.10",
            "gallery_slug": "ulyanovsk_art_museum",
            "gallery_description": "Ульяновский областной художественный музей — один из старейших музеев в Поволжье, хранит ценнейшее культурное достояние, имеющее общероссийское и мировое значение. Коллекция художественного музея начала формироваться с 1895 года как художественный раздел историко-археологического музея Симбирской губернской ученой архивной комиссии.\r\nВ центральном зале экспонируются шедевры русского искусства XVIII–XIX веков. Среди них прославленный «Портрет Екатерины II» Дмитрия Левицкого, работы Карла Брюллова, Александра Иванова, Ивана Айвазовского, Дмитрия Мартынова, Константина и Александра Маковских.",
            "gallery_image": "galleries/ulyanovck_art_museum.jpeg"
        }
    },
    {
        "model": "galleries.galleries",
        "pk": 7,
        "fields": {
            "gallery_name": "Серпуховский художественный музей",
            "gallery_location": "МО, Серпухов, ул. Чехова, 87",
            "gallery_slug": "serpuhovskiy_art_museum",
            "gallery_description": "Серпуховский историко-художественный музей располагает самой большой коллекцией произведений искусства в Подмосковье. Он был открыт в 1918 году в усадьбе купеческой семьи Мараевых, разбогатевшей на производстве текстиля. В последующие года коллекция музея значительно пополнилась. Сегодня гордостью собрания являются картины Айвазовского, Шишкина, Левитана, Коровина, Гончаровой, Джованни Антонио Пеллегрини и других известных художников русского и западноевропейского искусства прошлых веков. На обозрение гостей музея представлено всего около 10% всей коллекции. Для других экспонатов просто не хватает места, поэтому они хранятся в запасниках. Музей Серпухова вызывает большой интерес и притягивает в город сотни туристов.",
            "gallery_image": "galleries/serpuhovskiy_art_museum.jpg"
        }
    },
    {
        "model": "galleries.galleries",
        "pk": 8,
        "fields": {
            "gallery_name": "Музей изобразительных искусств в туле",
            "gallery_location": "Тула, ул. Фридриха Энгельса, 64",
            "gallery_slug": "tulskiy_art_museum",
            "gallery_description": "Музей изобразительных искусств Тулы является филиалом объединения музейного комплекса под названием «Историко-краеведческий и художественный музей». В 1884 году был создан музейный фонд при епархии Тулы, который впоследствии переименовали в Палату древностей. При Палате был сформирован Естественно-исторический музей. Эти фонды и стали основой художественно-исторического музея, который был официально создан в 1919 году.",
            "gallery_image": "galleries/tulskiy_art_museum.jpeg"
        }
    },
    {
        "model": "galleries.galleryphotos",
        "pk": 5,
        "fields": {
            "gallery_photos": 1,
            "photo": "galleries/tretyakovka_1_MaIqBr7.jpg"
        }
    },
    {
        "model": "galleries.galleryphotos",
        "pk": 6,
        "fields": {
            "gallery_photos": 1,
            "photo": "galleries/tretyakovka_2.jpg"
        }
    },
    {
        "model": "galleries.galleryphotos",
        "pk": 7,
        "fields": {
            "gallery_photos": 1,
            "photo": "galleries/tretyakovka_3_GxDRzrY.jpg"
        }
    },
    {
        "model": "galleries.galleryphotos",
        "pk": 8,
        "fields": {
            "gallery_photos": 8,
            "photo": "galleries/tylskiy_1.jpg"
        }
    },
    {
        "model": "galleries.galleryphotos",
        "pk": 9,
        "fields": {
            "gallery_photos": 2,
            "photo": "galleries/kievskaya_1.jpg"
        }
    },
    {
        "model": "galleries.galleryphotos",
        "pk": 10,
        "fields": {
            "gallery_photos": 2,
            "photo": "galleries/kievskaya_2.jpg"
        }
    },
    {
        "model": "galleries.galleryphotos",
        "pk": 11,
        "fields": {
            "gallery_photos": 2,
            "photo": "galleries/kievskaya_3.jpeg"
        }
    },
    {
        "model": "galleries.galleryphotos",
        "pk": 12,
        "fields": {
            "gallery_photos": 3,
            "photo": "galleries/state_1.jpg"
        }
    },
    {
        "model": "galleries.galleryphotos",
        "pk": 13,
        "fields": {
            "gallery_photos": 3,
            "photo": "galleries/state_2.jpg"
        }
    },
    {
        "model": "galleries.galleryphotos",
        "pk": 14,
        "fields": {
            "gallery_photos": 3,
            "photo": "galleries/state_3.jpg"
        }
    },
    {
        "model": "galleries.galleryphotos",
        "pk": 15,
        "fields": {
            "gallery_photos": 4,
            "photo": "galleries/pushkin_1.jpg"
        }
    },
    {
        "model": "galleries.galleryphotos",
        "pk": 16,
        "fields": {
            "gallery_photos": 4,
            "photo": "galleries/pushkin_2.jpeg"
        }
    },
    {
        "model": "galleries.galleryphotos",
        "pk": 17,
        "fields": {
            "gallery_photos": 4,
            "photo": "galleries/pushkin_3.jpg"
        }
    },
    {
        "model": "galleries.galleryphotos",
        "pk": 18,
        "fields": {
            "gallery_photos": 6,
            "photo": "galleries/ylyanovsk_1.jpg"
        }
    },
    {
        "model": "galleries.galleryphotos",
        "pk": 19,
        "fields": {
            "gallery_photos": 6,
            "photo": "galleries/ylyanovsk_2.jpeg"
        }
    },
    {
        "model": "galleries.galleryphotos",
        "pk": 20,
        "fields": {
            "gallery_photos": 6,
            "photo": "galleries/ylyanovsk_3.jpg"
        }
    },
    {
        "model": "galleries.galleryphotos",
        "pk": 21,
        "fields": {
            "gallery_photos": 7,
            "photo": "galleries/serpuhov_1.jpg"
        }
    },
    {
        "model": "galleries.galleryphotos",
        "pk": 22,
        "fields": {
            "gallery_photos": 7,
            "photo": "galleries/serpuhov_2.jpg"
        }
    },
    {
        "model": "galleries.galleryphotos",
        "pk": 23,
        "fields": {
            "gallery_photos": 7,
            "photo": "galleries/serpuhov_3.jpg"
        }
    },
    {
        "model": "galleries.galleryphotos",
        "pk": 24,
        "fields": {
            "gallery_photos": 8,
            "photo": "galleries/tylskiy_2.jpg"
        }
    },
    {
        "model": "galleries.galleryphotos",
        "pk": 25,
        "fields": {
            "gallery_photos": 8,
            "photo": "galleries/tylskiy_3.jpg"
        }
    },
    {
        "model": "paintings.painting",
        "pk": 1,
        "fields": {
            "painting_name": "Не ждали",
            "painting_artist": 2,
            "painting_gallery": 1,
            "painting_creation_year": 1888,
            "painting_size": "161x168",
            "painting_materials": "холст, масло",
            "painting_description": "Момент, изображённый на холсте, показывает первую реакцию на возвращение ссыльного членов его семьи. На малом варианте картины возвращающейся в семью была изображена девушка-курсистка. Эта картина, написанная маслом по дереву, была относительно небольшого размера",
            "painting_photo": "picture/not_wait.jpg",
            "painting_slug": "not_wait",
            "likes": []
        }
    },
    {
        "model": "paintings.painting",
        "pk": 2,
        "fields": {
            "painting_name": "Утро в сосновом лесу",
            "painting_artist": 1,
            "painting_gallery": 1,
            "painting_creation_year": 1889,
            "painting_size": "139x213",
            "painting_materials": "холст, масло",
            "painting_description": "Иногда эту картину называют «Утро в сосновном бору» или «3 медведя» или даже «Мишки в лесу». На самом деле она называется «Утро в сосновом лесу». Интересный факт: Савицкий написал медведей, но коллекционер П. М. Третьяков стёр его подпись, поэтому автором картины часто указывается один Шишкин.",
            "painting_photo": "picture/morning_in_pine_forest.jpg",
            "painting_slug": "morning_in_pine_forest",
            "likes": []
        }
    },
    {
        "model": "paintings.painting",
        "pk": 3,
        "fields": {
            "painting_name": "Рожь",
            "painting_artist": 1,
            "painting_gallery": 1,
            "painting_creation_year": 1878,
            "painting_size": "108x188",
            "painting_materials": "холст, масло",
            "painting_description": "На картине изображено Лекаревское поле близ Елабуги, в Вятской губернии.",
            "painting_photo": "picture/rye.jpg",
            "painting_slug": "rye",
            "likes": []
        }
    },
    {
        "model": "paintings.painting",
        "pk": 4,
        "fields": {
            "painting_name": "Сосновый бор",
            "painting_artist": 1,
            "painting_gallery": 1,
            "painting_creation_year": 1872,
            "painting_size": "117x165",
            "painting_materials": "холст, масло",
            "painting_description": "В картине \"Сосновый бор\" художник определяет свою основную тему – могучий, величественный русский лес.",
            "painting_photo": "picture/pine_boron_4taRvst.jpg",
            "painting_slug": "pine_boron",
            "likes": []
        }
    },
    {
        "model": "paintings.painting",
        "pk": 5,
        "fields": {
            "painting_name": "На севере диком",
            "painting_artist": 1,
            "painting_gallery": 2,
            "painting_creation_year": 1891,
            "painting_size": "161x118",
            "painting_materials": "холст, масло",
            "painting_description": "Как и в стихотворении Лермонтова, в картине мощно звучит тема одиночества. На неприступной голой скале, посреди тьмы, льда и снега, стоит одинокая сосна.",
            "painting_photo": "picture/on_wild_north.jpg",
            "painting_slug": "on_wild_north",
            "likes": []
        }
    },
    {
        "model": "paintings.painting",
        "pk": 6,
        "fields": {
            "painting_name": "Корабельная роща",
            "painting_artist": 1,
            "painting_gallery": 3,
            "painting_creation_year": 1898,
            "painting_size": "165x252",
            "painting_materials": "холст, масло",
            "painting_description": "Картина «Корабельная роща» считается художественным завещанием Ивана Шишкина. Он написал ее в год своей смерти, и это последняя серьезная работа художника. В работе над этой картиной Шишкин использовал пленэрные этюды, эскизы и наброски, созданные в его родной Елабуге.",
            "painting_photo": "picture/ship_grove.jpg",
            "painting_slug": "ship_grove",
            "likes": []
        }
    },
    {
        "model": "paintings.painting",
        "pk": 7,
        "fields": {
            "painting_name": "Иван Грозный и сын его Иван 16 ноября 1581",
            "painting_artist": 2,
            "painting_gallery": 1,
            "painting_creation_year": 1885,
            "painting_size": "199x254",
            "painting_materials": "холст, масло",
            "painting_description": "Изображает эпизод из жизни Ивана Грозного, когда он в сильном гневе якобы нанёс смертельный удар своему сыну царевичу Ивану.",
            "painting_photo": "picture/ivan_grozny_and_his_son.jpg",
            "painting_slug": "ivan_grozny_and_his_son",
            "likes": []
        }
    },
    {
        "model": "paintings.painting",
        "pk": 8,
        "fields": {
            "painting_name": "Бурлаки на Волге",
            "painting_artist": 2,
            "painting_gallery": 3,
            "painting_creation_year": 1873,
            "painting_size": "131,5x28",
            "painting_materials": "холст, масло",
            "painting_description": "Изображает ватагу бкрлаков во время транспортировки барки. Замысел картины возник у Репина в конце 1860-х годов, во время прогулки на пароходе по Неве.",
            "painting_photo": "picture/boatmen_on_volga.jpg",
            "painting_slug": "boatmen_on_volga",
            "likes": []
        }
    },
    {
        "model": "paintings.painting",
        "pk": 9,
        "fields": {
            "painting_name": "Софья Алексеевна в Новодевичьем монастыре",
            "painting_artist": 2,
            "painting_gallery": 1,
            "painting_creation_year": 1879,
            "painting_size": "205x148",
            "painting_materials": "холст, масло",
            "painting_description": "Царевна, дочь царя Алексея Михайловича, в 1682—1689 годах регент при младших братьях Иване и Петре.\r\nСофья изображена в монастырской келье, стоящей на пороге «другой жизни». Ее ожидает монашеский постриг, она еще не смирилась с произошедшим и сохраняет царственность и властность.",
            "painting_photo": "picture/princess_sofia_in_monastery.jpg",
            "painting_slug": "princess_sofia_in_monastery",
            "likes": []
        }
    },
    {
        "model": "paintings.painting",
        "pk": 10,
        "fields": {
            "painting_name": "Портрет писателя Л.Н.Толстого",
            "painting_artist": 2,
            "painting_gallery": 1,
            "painting_creation_year": 1887,
            "painting_size": "124x88",
            "painting_materials": "холст, масло",
            "painting_description": "Высокий лоб, окладистая борода, грубоватые черты лица. Русский боярин, уверенно сидящий в старинном кресле. Взгляд отрешенный, нейтральный, устремленный вдаль, он словно пронзает зрителя, проходит сквозь него. Глаза ясные и добрые. Простая черная одежда, сливаясь с таким же черным креслом, визуально увеличивает фигуру героя. Светлый и чистый фон усиливает впечатление. Книга в руках, деталь символичная, неслучайная. Перед нами писатель в момент размышления о прочитанном, в момент зарождения новой, гениальной идеи. Глядя на портрет, любой способен почувствовать величие и духовную монументальность Толстого.",
            "painting_photo": "picture/portrait_tolstoy.jpg",
            "painting_slug": "portrait_tolstoy",
            "likes": []
        }
    },
    {
        "model": "paintings.painting",
        "pk": 11,
        "fields": {
            "painting_name": "Крёстный ход в Курской губернии",
            "painting_artist": 2,
            "painting_gallery": 1,
            "painting_creation_year": 1883,
            "painting_size": "178x285.5",
            "painting_materials": "холст, масло",
            "painting_description": "Прямо на зрителя движется огромная толпа. В ней видны разнообразные человеческие типы, принадлежащие к различным сословиям, играющие разные социальные роли. Каждый из них наделен художником тонкой психологической характеристикой.\r\nРепин разворачивает широкую панораму русского пореформенного общества во всех его контрастах и противоречиях.",
            "painting_photo": "picture/procession_in_kurskaya_guberniyaya.jpg",
            "painting_slug": "procession_in_kurskaya_guberniyaya",
            "likes": []
        }
    },
    {
        "model": "paintings.painting",
        "pk": 12,
        "fields": {
            "painting_name": "Пахарь. Л. Н. Толстой на пашне",
            "painting_artist": 2,
            "painting_gallery": 1,
            "painting_creation_year": 1887,
            "painting_size": "27,8x40,3",
            "painting_materials": "картон, масло",
            "painting_description": "Это не просто образ писателя, запечатленный в один из жизненных эпизодов. Это законченный сюжет, в котором автор «Войны и мира» показан после перелома в мировоззрении, в работе, которую он считал главным делом жизни человека.\r\nГосударственная Третьяковская галерея",
            "painting_photo": "picture/tolstoy_in_arable_land.jpg",
            "painting_slug": "tolstoy_in_arable_land",
            "likes": []
        }
    },
    {
        "model": "paintings.painting",
        "pk": 13,
        "fields": {
            "painting_name": "Дуэль Онегина и Ленского",
            "painting_artist": 2,
            "painting_gallery": 4,
            "painting_creation_year": 1899,
            "painting_size": "29.3x39.3",
            "painting_materials": "бумага, акварель",
            "painting_description": "Дуэль Онегина и Ленского является одним из кульминационных моментов романа в стихах А. Пушкина «Евгений Онегин». Неудивительно, что эта драматичная мизансцена была привлекательная для художников, тем более, что автор романа сам разделил незавидную участь Ленского годы спустя.",
            "painting_photo": "picture/duel_onegin_and_lensky.jpeg",
            "painting_slug": "duel_onegin_and_lensky",
            "likes": []
        }
    },
    {
        "model": "paintings.painting",
        "pk": 14,
        "fields": {
            "painting_name": "Золотая осень",
            "painting_artist": 3,
            "painting_gallery": 1,
            "painting_creation_year": 1895,
            "painting_size": "84x127",
            "painting_materials": "холст, масло",
            "painting_description": "Яркий, охристый цвет, перемежёванный с красным и оранжевым, льющийся с полотна, настолько красноречив, что даже не глядя на подпись у рамы, можно легко догадаться – перед нами «Золотая осень» Исаака Левитана.",
            "painting_photo": "picture/gold_autumn.jpeg",
            "painting_slug": "gold_autumn",
            "likes": []
        }
    },
    {
        "model": "paintings.painting",
        "pk": 15,
        "fields": {
            "painting_name": "Март",
            "painting_artist": 3,
            "painting_gallery": 1,
            "painting_creation_year": 1895,
            "painting_size": "61x76",
            "painting_materials": "холст, масло",
            "painting_description": "Иссак Левитан не любил писать зиму. Ему больше нравилось осенне-весеннее буйство красок. Поэтому «Март» – едва ли не единственное его полотно, где присутствуют снежные сугробы. Но, несмотря на снег, работа не ассоциируется у зрителей с зимой. Это звонкая песня природы, восхваление наступающей весны.",
            "painting_photo": "picture/march.jpg",
            "painting_slug": "march",
            "likes": []
        }
    },
    {
        "model": "paintings.painting",
        "pk": 16,
        "fields": {
            "painting_name": "Весна - большая вода",
            "painting_artist": 3,
            "painting_gallery": 1,
            "painting_creation_year": 1897,
            "painting_size": "65x58",
            "painting_materials": "холст, масло",
            "painting_description": "Одна из многочисленных картин Исаака Левитана, посвящённых весеннему пробуждению природы. На картине изображён момент половодья, когда вода покрыла прибрежные области, затопив всё вокруг. Вода тиха и неподвижна, в ней отражаются обнажённые ветви деревьев и высокое небо с лёгкими облаками.",
            "painting_photo": "picture/spring_big_water.jpg",
            "painting_slug": "spring_big_water",
            "likes": []
        }
    },
    {
        "model": "paintings.painting",
        "pk": 17,
        "fields": {
            "painting_name": "Грачи прилетели",
            "painting_artist": 4,
            "painting_gallery": 1,
            "painting_creation_year": 1879,
            "painting_size": "62x48,5",
            "painting_materials": "холст, масло",
            "painting_description": "Это полотно считается самым известным произведением Саврасова,  а его появление рассматривается как «важный этап в развитии русской пейзажной живописи».",
            "painting_photo": "picture/rooks_have_arrived.jpeg",
            "painting_slug": "rooks_have_arrived",
            "likes": []
        }
    },
    {
        "model": "paintings.painting",
        "pk": 18,
        "fields": {
            "painting_name": "Радуга",
            "painting_artist": 4,
            "painting_gallery": 3,
            "painting_creation_year": 1875,
            "painting_size": "44x56.5",
            "painting_materials": "холст, масло",
            "painting_description": "Перед нами послегрозовой пейзаж, пронзительно яркая зелень омыта водами отгрохотавшего ливня, сквозь затянутое тучами небо пытаются пробиться солнечное лучи. В картине \"Радуга\" видим излюбленный саврасовский ход - точно схваченное ощущение, что в следующее мгновение появится солнце. Здесь в полную силу проявлено мастерство Саврасова как колориста – об этом говорит умелое сочетание теплых, красноватых тонов земли, изумрудной мшистой зелени и прозрачного неба.",
            "painting_photo": "picture/rainbow.jpg",
            "painting_slug": "rainbow",
            "likes": []
        }
    },
    {
        "model": "paintings.painting",
        "pk": 19,
        "fields": {
            "painting_name": "Лосиный остров в сокольниках",
            "painting_artist": 4,
            "painting_gallery": 1,
            "painting_creation_year": 1869,
            "painting_size": "62x88",
            "painting_materials": "холст, масло",
            "painting_description": "На картине изображён сосновый лес, перед которым находится поле с пасущимся стадом коров. Пасмурное небо со сгустившимися тучами, а также изображённые на переднем плане лужи с грязной водой создают мрачное и холодное впечатление. При этом само произведение очень поэтично и реалистично — начиная с изображения бора и кончая детальной проработкой травы и веток кустарников.",
            "painting_photo": "picture/moose_island_in_sokolniki.jpg",
            "painting_slug": "moose_island_in_sokolniki",
            "likes": []
        }
    },
    {
        "model": "paintings.painting",
        "pk": 20,
        "fields": {
            "painting_name": "Просёлок",
            "painting_artist": 4,
            "painting_gallery": 1,
            "painting_creation_year": 1873,
            "painting_size": "72x58",
            "painting_materials": "холст, масло",
            "painting_description": "На картине изображена размытая дождём просёлочная дорога, покрытая лужами и грязью. По-видимому, сильный дождь прошёл совсем недавно — небо покрыто тучами, а ветер продолжает трепать деревья, стоящие вдоль дороги. Через тучи пробивается солнце, а слева от дороги видна яркая зелень свежей травы.",
            "painting_photo": "picture/country_road.jpeg",
            "painting_slug": "country_road",
            "likes": []
        }
    },
    {
        "model": "paintings.painting",
        "pk": 21,
        "fields": {
            "painting_name": "Утро стрелецкой казни",
            "painting_artist": 5,
            "painting_gallery": 1,
            "painting_creation_year": 1881,
            "painting_size": "223x383.5",
            "painting_materials": "холст, масло",
            "painting_description": "Тема картины – подавление Петром I стрелецкого бунта 1698 года в Москве и казнь мятежников. В казни принимал участие сам Петр и его приближенные. Суриков намеренно вопреки реальности сближает собор Василия Блаженного и кремлевскую стену, делая пространство Красной площади тесным, давящим. Это усиливает основную психологическую коллизию полотна – дуэль взглядов Петра и стрельца с рыжей бородой. Но чем ближе к фигуре царя, тем очевиднее, что энергия сопротивления сходит на нет. Логика истории на стороне Петра.",
            "painting_photo": "picture/morning_strletsy_execution.jpg",
            "painting_slug": "morning_strletsy_execution",
            "likes": []
        }
    },
    {
        "model": "paintings.painting",
        "pk": 22,
        "fields": {
            "painting_name": "Боярыня Морозова",
            "painting_artist": 5,
            "painting_gallery": 1,
            "painting_creation_year": 1887,
            "painting_size": "304x587,5",
            "painting_materials": "холст, масло",
            "painting_description": "Фигура боярыни на скользящих розвальнях — единый композиционный центр, вокруг которого группируются представители уличной толпы, по-разному реагирующие на её фанатичную готовность идти за своими убеждениями до конца. У кого-то фанатизма женщины вызывает ненависть, глумление или иронию, но большинство взирает на неё с сочувствием. Высоко поднятая в символическом жесте рука — как прощание со старой Русью, к которой принадлежат эти люди.",
            "painting_photo": "picture/boyarynya_morozova.jpg",
            "painting_slug": "boyarynya_morozova",
            "likes": []
        }
    },
    {
        "model": "paintings.painting",
        "pk": 23,
        "fields": {
            "painting_name": "Портрет О. В. Суриковой в детстве",
            "painting_artist": 5,
            "painting_gallery": 1,
            "painting_creation_year": 1888,
            "painting_size": "135x80",
            "painting_materials": "холст, масло",
            "painting_description": "Портрет десятилетней дочери получился у Сурикова очень обаятельным. Девочка стоит по-детски неуверенно и без тени кокетства смотрит большими карими глазами на зрителя. В руках – любимая кукла в нарядном платье, другой рукой она прикасается к теплой печке. Художник виртуозно создает непосредственный, живой образ.",
            "painting_photo": "picture/portrait_syrikovoy_in_childhood.jpg",
            "painting_slug": "portrait_syrikovoy_in_childhood",
            "likes": []
        }
    },
    {
        "model": "paintings.painting",
        "pk": 24,
        "fields": {
            "painting_name": "Ромео и Джульетта",
            "painting_artist": 6,
            "painting_gallery": 5,
            "painting_creation_year": 1890,
            "painting_size": "17,5x24",
            "painting_materials": "картон, масло",
            "painting_description": "На картине изображена трогательная сцена поцелуя Ромео и Джульетты. Картина написана по сюжету трагедии Уильяма Шекспира.",
            "painting_photo": "picture/romeo_and_juliet.jpeg",
            "painting_slug": "romeo_and_juliet",
            "likes": []
        }
    },
    {
        "model": "paintings.painting",
        "pk": 25,
        "fields": {
            "painting_name": "Русалки",
            "painting_artist": 6,
            "painting_gallery": 3,
            "painting_creation_year": 1879,
            "painting_size": "261.5x347",
            "painting_materials": "холст, масло",
            "painting_description": "Одним из самых манящих фольклорных персонажей являются девушки-русалки, которые живут в речных водах, и иногда выходят в лунную ночь на берег. Это девушки-утопленницы, самоубийцы, и некоторые считали, что они безобразны с крупным телом и спутанными волосами, другие же твердили о коварной красоте речных нимф, которые могут быть очень опасны, особенно для мужчин.",
            "painting_photo": "picture/mermaids.jpg",
            "painting_slug": "mermaids",
            "likes": []
        }
    },
    {
        "model": "paintings.painting",
        "pk": 26,
        "fields": {
            "painting_name": "За чаем",
            "painting_artist": 6,
            "painting_gallery": 6,
            "painting_creation_year": 1914,
            "painting_size": "75.5x64.5",
            "painting_materials": "холст, масло",
            "painting_description": "Картина «За чаем» – яркий пример самобытного взгляда художника, его неординарного видения окружающего мира. Девица, с удовольствие потягивающая чай из блюдца, одета празднично, на столе сияют золотом самовар, молочник, чайная кружка. Вся картина будто покрыта слоем лёгкой патины – такой эффект «стирается» на печатных репродукциях, превращая шедевр в ничем не примечательную фотографию.",
            "painting_photo": "picture/during_tea.jpg",
            "painting_slug": "during_tea",
            "likes": []
        }
    },
    {
        "model": "paintings.painting",
        "pk": 27,
        "fields": {
            "painting_name": "Московский дворик",
            "painting_artist": 7,
            "painting_gallery": 1,
            "painting_creation_year": 1978,
            "painting_size": "64.5x80",
            "painting_materials": "холст, масло",
            "painting_description": "На картине изображён двор дома, расположенного на пересечении Дурновского и Трубниковского переулков, во флигеле которого Поленов снимал квартиру в 1877—1878 годах. За двориком и прилегающими к нему строениями находится храм Спаса Преображенского на Песках, а в правой части полотна видны очертания церкви Николая Чудотворца в Плотниках. В произведении органично сочетаются пейзажные и жанровые мотивы.",
            "painting_photo": "picture/moscow_coutryard.jpg",
            "painting_slug": "mocow_coutryard",
            "likes": []
        }
    },
    {
        "model": "paintings.painting",
        "pk": 28,
        "fields": {
            "painting_name": "Бабушкин сад",
            "painting_artist": 7,
            "painting_gallery": 1,
            "painting_creation_year": 1878,
            "painting_size": "54.7x65",
            "painting_materials": "холст, масло",
            "painting_description": "Поленов ещё застал цветение «дворянских гнёзд» - он часто гостил в имении своей бабушки в Ольшанке Тамбовской губернии и искренне восхищался этим местом. Задумав картину, художник, в первую очередь, хотел воплотить философскую мысль, и это ему успешно удалось. Уходящая эпоха, смена поколений, обновление и постепенное болезненное исчезновение старого уклада – вот основные лейтмотивы картины.",
            "painting_photo": "picture/grandmathers_garden.jpg",
            "painting_slug": "grandmothers_garden",
            "likes": []
        }
    },
    {
        "model": "paintings.painting",
        "pk": 29,
        "fields": {
            "painting_name": "Заросший пруд",
            "painting_artist": 7,
            "painting_gallery": 1,
            "painting_creation_year": 1879,
            "painting_size": "80x124.7",
            "painting_materials": "холст, масло",
            "painting_description": "Вместе с двумя другими произведениями Поленова конца 1870-х годов — картинами «Московский дворик» и «Бабушкин сад» — полотно «Заросший пруд» относят к «своеобразной лирико-философской трилогии художника».",
            "painting_photo": "picture/overgrown_pond.jpg",
            "painting_slug": "overgrown_pond",
            "likes": []
        }
    },
    {
        "model": "paintings.painting",
        "pk": 30,
        "fields": {
            "painting_name": "Девочка с персиками",
            "painting_artist": 8,
            "painting_gallery": 1,
            "painting_creation_year": 1887,
            "painting_size": "91x85",
            "painting_materials": "холст, масло",
            "painting_description": "В центре – портретный образ старшей дочери С.И.Мамонтова Веры. Художника увлекает гармоничный внутренний мир этой маленькой \"музы\" Абрамцевского кружка. Вокруг портретного изображения девочки Серов \"собирает\" фрагменты интерьера, пейзажа, натюрморта. Льющийся из окна свет растворяет контуры предметов. Помещенную против света фигуру модели, Серов написал в теплых тонах – контрастных холодным тонам пространства. Эти импрессионистические открытия, а также цветовые рефлексы, дробные мазки наполняют изображение внутренним движением, организованным вокруг центрального композиционного треугольника.",
            "painting_photo": "picture/girl_with_peaches.jpg",
            "painting_slug": "girl_with_peaches",
            "likes": []
        }
    },
    {
        "model": "paintings.painting",
        "pk": 31,
        "fields": {
            "painting_name": "Портрет императора Николая II",
            "painting_artist": 8,
            "painting_gallery": 1,
            "painting_creation_year": 1900,
            "painting_size": "71x59",
            "painting_materials": "холст, масло",
            "painting_description": "История знакомства Серова с представителями царской фамилии начинается в 1893 году. Наиболее необычный из них - портрет Николая II в серой тужурке – написан всего за несколько сеансов. Есть сведения, что изначально художнику для работы были предложены фотография царя и его мундир. Серов отказался работать на таких условиях, сказав, что живых по фотографии не пишет. К немалому удивлению, Николай II отнесся к художнику с пониманием и согласился позировать лично.",
            "painting_photo": "picture/portrait_nikolay_2.jpg",
            "painting_slug": "portrait_nikolay_2",
            "likes": []
        }
    },
    {
        "model": "paintings.painting",
        "pk": 32,
        "fields": {
            "painting_name": "Охотники на привале",
            "painting_artist": 9,
            "painting_gallery": 1,
            "painting_creation_year": 1871,
            "painting_size": "119x183",
            "painting_materials": "холст, масло",
            "painting_description": "Персонажи даны на фоне незамысловатого осеннего пейзажа, а передний план заполнен весьма продуманным натюрмортом: подстреленная дичь и заяц, охотничье ружье, ягдташ и рог. Выдержанная в классической коричневатой гамме, картина созвучна \"Охотничьим рассказам\" И.С.Тургенева и демонстрирует новый этап в творчестве Перова-жанриста\r\nГосударственная Третьяковская галерея",
            "painting_photo": "picture/hunters_at_halt.jpg",
            "painting_slug": "hunters_at_halt",
            "likes": []
        }
    },
    {
        "model": "paintings.painting",
        "pk": 33,
        "fields": {
            "painting_name": "Птицелов",
            "painting_artist": 9,
            "painting_gallery": 1,
            "painting_creation_year": 1870,
            "painting_size": "82.5x126",
            "painting_materials": "холст, масло",
            "painting_description": "Необыкновенно реалистичная, немного трогательная работа была написана под впечатлением увиденной сцены в осеннем лесу. Старик лакей и барчук заняты приманкой птиц. Осенний лес выступает декорацией к действию. Внимательно приглядевшись, можно увидеть, как, привлеченные звуками дудочки, на звук летят птицы. Клетка в руках барчука готова принять одну из них, что птичьи трели помогли пережить долгую и холодную зиму.",
            "painting_photo": "picture/birdman.jpg",
            "painting_slug": "birdman",
            "likes": []
        }
    },
    {
        "model": "paintings.painting",
        "pk": 34,
        "fields": {
            "painting_name": "Голубятник",
            "painting_artist": 9,
            "painting_gallery": 1,
            "painting_creation_year": 1874,
            "painting_size": "107x80",
            "painting_materials": "холст, масло",
            "painting_description": "Ощущением счастья, молодости и свободы наполнена эта работа художника. Сюжет прост, легок и понятен, он лишен всяческих сложностей и глубинных смыслов. Перед нами молодой человек, занятый любимым делом. Голубятни - любимая забава не только московских мальчишек, но и взрослых людей. Развлечение это характерно для натур романтических и энергичных.",
            "painting_photo": "picture/dovecote.jpg",
            "painting_slug": "dovecote",
            "likes": []
        }
    },
    {
        "model": "paintings.painting",
        "pk": 35,
        "fields": {
            "painting_name": "Проводы покойника",
            "painting_artist": 9,
            "painting_gallery": 1,
            "painting_creation_year": 1865,
            "painting_size": "43.5x57",
            "painting_materials": "холст, масло",
            "painting_description": "Небольшие грустные картины Василия Григорьевича Перова, написанные им во второй половине 1860-х годов. Лирические новеллы, повествующие о несчастной судьбе бедных людей. Их судьба волновала многих русских писателей и поэтов, художников и композиторов прошлого столетия.",
            "painting_photo": "picture/seeing_deceased.jpg",
            "painting_slug": "seeing_deceased",
            "likes": []
        }
    },
    {
        "model": "paintings.painting",
        "pk": 36,
        "fields": {
            "painting_name": "Тройка",
            "painting_artist": 9,
            "painting_gallery": 1,
            "painting_creation_year": 1866,
            "painting_size": "124x169",
            "painting_materials": "холст, масло",
            "painting_description": "Самая узнаваема, трагичная, эмоциональная и овеянная легендами работа великого художника вот уже более полутора веков захватывает публику, заставляя ее сопереживать и сочувствовать героям работы.",
            "painting_photo": "picture/troika.jpg",
            "painting_slug": "troika",
            "likes": []
        }
    },
    {
        "model": "paintings.painting",
        "pk": 37,
        "fields": {
            "painting_name": "Лунная ночь на Днепре",
            "painting_artist": 10,
            "painting_gallery": 1,
            "painting_creation_year": 1880,
            "painting_size": "105x146",
            "painting_materials": "холст, масло",
            "painting_description": "На картине изображена широкая река — Днепр — в летнюю лунную ночь. Зеленоватая лента реки, в которой отражается лунный свет, пересекает равнину, которая у горизонта сливается с тёмным небом, покрытым рядами лёгких облаков. Это полотно считается самым прославленным произведением Куинджи и рассматривается как крупнейшее творческое достижение художника.",
            "painting_photo": "picture/moonlight_on_dnepr.jpg",
            "painting_slug": "moonlught_on_dnepr",
            "likes": []
        }
    },
    {
        "model": "paintings.painting",
        "pk": 38,
        "fields": {
            "painting_name": "Берёзовая роща",
            "painting_artist": 10,
            "painting_gallery": 1,
            "painting_creation_year": 1879,
            "painting_size": "97x181",
            "painting_materials": "холст, масло",
            "painting_description": "На полотне изображены берёзы, растущие на залитой солнцем лесной поляне. Значительный эффект достигается необычными комбинациями света и цвета, резким контрастом солнца и тени, который создаёт впечатление очень яркого солнечного освещения. Верхняя часть берёз не показана, видны только стволы и небольшие ветки, которые выделяются светло-зелёным цветом на фоне тёмно-зелёного леса. Композиция разделена на две части протекающим по центру ручьём.",
            "painting_photo": "picture/birch_grove.jpeg",
            "painting_slug": "birch_grove",
            "likes": []
        }
    },
    {
        "model": "paintings.painting",
        "pk": 39,
        "fields": {
            "painting_name": "Украинская ночь",
            "painting_artist": 10,
            "painting_gallery": 1,
            "painting_creation_year": 1876,
            "painting_size": "79x162",
            "painting_materials": "холст, масло",
            "painting_description": "Эта картина считается переломной в творчестве художника. Начиная с неё, он отошёл от академического романтизма своих ранних работ, и отличительной чертой его творчества стала экзотичность изображения. Бо́льшая часть картины «Украинская ночь» написана бархатными сине-чёрными тонами, и только светлые стены деревенских домов-мазанок в правой части картины ярко сияют в лунном свете.",
            "painting_photo": "picture/ukrainian_night.jpg",
            "painting_slug": "ukranian_night",
            "likes": []
        }
    },
    {
        "model": "paintings.painting",
        "pk": 40,
        "fields": {
            "painting_name": "Сибирь",
            "painting_artist": 12,
            "painting_gallery": 3,
            "painting_creation_year": 1894,
            "painting_size": "107x177",
            "painting_materials": "холст, масло",
            "painting_description": "Картина «Сибирь» исполнена эпического звучания и размаха. В обобщенном пейзажном образе художник представил зрителю настоящую Россию, богатую своими землями. Уходящая вдаль синева неба подчеркивает панорамность и всеохватность изображенного вида. Холмы, поросшие мхом камни, невысокие деревья - словом, все повествует о характере растительности этих земель с суровыми зимами. Динамику в композиционное решение Васнецов вносит фигурой стремительно скачущего и оставляющего за собой клубы дорожной пыли всадника",
            "painting_photo": "picture/sibir.jpg",
            "painting_slug": "sibir",
            "likes": []
        }
    },
    {
        "model": "paintings.painting",
        "pk": 41,
        "fields": {
            "painting_name": "Кама",
            "painting_artist": 12,
            "painting_gallery": 1,
            "painting_creation_year": 1895,
            "painting_size": "143,7x250,5",
            "painting_materials": "холст, масло",
            "painting_description": "Для пейзажа Васнецов выбрал высокую точку зрения, давая возможности зрителю в полной мере восхититься тем, что видел он сам. В композиции представлен союз вечной природы и человека, живущего в гармонии с ней. Среди невысоких лесистых холмов течет широкая сибирская река, на переднем плане поваленные стволы могучих деревьев и прорастающие сквозь них молодые ростки, рядом притаились несколько деревянных шалашей.",
            "painting_photo": "picture/kama.jpg",
            "painting_slug": "kama",
            "likes": []
        }
    },
    {
        "model": "paintings.painting",
        "pk": 42,
        "fields": {
            "painting_name": "Северный край",
            "painting_artist": 12,
            "painting_gallery": 3,
            "painting_creation_year": 1899,
            "painting_size": "178x250",
            "painting_materials": "холст, масло",
            "painting_description": "На картине изображены широкая извилистая река и могучие деревья, растущие по берегам. Лесная чаща, в которой нет ни единой живой души, растянулась на многие километры. Безграничный простор дикой природы виден с необычного ракурса, возможно, с вершины горы. Холодные тона, которыми передано вечереющее небо, подчеркивают суровость северной природы, и кажется, что от картины веет холодом.",
            "painting_photo": "picture/north_edge.jpg",
            "painting_slug": "north_edge",
            "likes": []
        }
    },
    {
        "model": "paintings.painting",
        "pk": 43,
        "fields": {
            "painting_name": "Тайная вечеря",
            "painting_artist": 11,
            "painting_gallery": 3,
            "painting_creation_year": 1863,
            "painting_size": "283x382",
            "painting_materials": "холст, масло",
            "painting_description": "На картине изображена тайная вечеря — описанная в Новом Завете последняя трапеза Иисуса Христа с его двенадцатью учениками-апостолами, во время которой он предсказал, что один из них — Иуда Искариот — предаст его.",
            "painting_photo": "picture/last_supper.jpg",
            "painting_slug": "last_supper",
            "likes": []
        }
    },
    {
        "model": "paintings.painting",
        "pk": 44,
        "fields": {
            "painting_name": "Допрос Петра I",
            "painting_artist": 11,
            "painting_gallery": 1,
            "painting_creation_year": 1871,
            "painting_size": "135.7x173",
            "painting_materials": "холст, масло",
            "painting_description": "Пётр I допрашивает царевича Алексея Петровича в Петергофе - полное название картины. На картине в интерьере петергофского дворца Монплезир изображены Пётр I и его сын Алексей Петрович. Пётр I сидит справа от стола в кресле, отделанном красным бархатом, а слева от стола стоит царевич Алексей[20]. На полотне представлена психологическая трактовка исторической драмы. Царевич Алексей, недовольный жёстким и деспотическим стилем, в котором проводились реформы Петра I, бежал в Западную Европу, но был оттуда возвращён и обвинён в подготовке захвата власти в России. С ведома его отца, Петра I, Алексей Петрович был заключён в Петропавловскую крепость, где умер от пыток 26 июня 1718 года.",
            "painting_photo": "picture/interrogation_petr_1.jpg",
            "painting_slug": "interrogation_petr_1",
            "likes": []
        }
    },
    {
        "model": "paintings.painting",
        "pk": 45,
        "fields": {
            "painting_name": "Суд царя Соломона",
            "painting_artist": 11,
            "painting_gallery": 2,
            "painting_creation_year": 1854,
            "painting_size": "147x185",
            "painting_materials": "холст, масло",
            "painting_description": "Во время обучения в академии ученикам предлагались классические темы, поэтому выбор широко известного библейского сюжета никого не должен удивлять. Картина очень эффектная и по композиции, и по цвету. Броские наряды, красивая композиция и творческий подход к решению указывает на то, что художник вскоре проявит свой истинный дар, и отойдет от слепого копирования стиля известного мастера.",
            "painting_photo": "picture/trial_king_solomon.jpg",
            "painting_slug": "trial_king_solomon",
            "likes": []
        }
    },
    {
        "model": "paintings.painting",
        "pk": 46,
        "fields": {
            "painting_name": "Три богатыря",
            "painting_artist": 13,
            "painting_gallery": 1,
            "painting_creation_year": 1898,
            "painting_size": "295x446",
            "painting_materials": "холст, масло",
            "painting_description": "На картине изображены три богатыря— Добрыня Никитич ,Илья Муромец и Алёша Попович. Посередине на вороном коне Илья Муромец, смотрит вдаль из-под ладони, в одной руке у богатыря копьё и щит, в другой булатная палица. Слева на белом коне Добрыня Никитич, вынимает меч-кладенец из ножен, готовый в любой момент ринуться в бой. Справа на коне бурой масти Алёша Попович, держит в руках лук со стрелами. В сравнении со своими товарищами он молод и строен. На боку у Алёши Поповича колчан. На другом боку у него гусли. Трое богатырей стоят на широкой равнине, переходящей в невысокие холмы, посреди пожухлой травы и изредка проглядывающих маленьких ёлочек. Небо пасмурное и тревожное, означает грозящую богатырям опасность.",
            "painting_photo": "picture/three_bogatyrs.jpg",
            "painting_slug": "three_bogatyrs",
            "likes": []
        }
    },
    {
        "model": "paintings.painting",
        "pk": 47,
        "fields": {
            "painting_name": "Иван Царевич на сером волке",
            "painting_artist": 13,
            "painting_gallery": 1,
            "painting_creation_year": 1889,
            "painting_size": "249x187",
            "painting_materials": "холст, масло",
            "painting_description": "Картина представляет собой иллюстрацию к известной русской сказке «Иван-царевич и Серый Волк». Иван-царевич вместе с Еленой Прекрасной мчатся на Сером Волке сквозь тёмный лес, спасаясь от погони.",
            "painting_photo": "picture/ivan_tsarevich_on_grey_wolf.jpg",
            "painting_slug": "ivan_tsarevich_on_grey_wolf",
            "likes": []
        }
    },
    {
        "model": "paintings.painting",
        "pk": 48,
        "fields": {
            "painting_name": "Снегурочка",
            "painting_artist": 13,
            "painting_gallery": 1,
            "painting_creation_year": 1899,
            "painting_size": "115x79,8",
            "painting_materials": "холст, масло",
            "painting_description": "Девушка, одетая в старинную русскую шубу, выходит из леса на открытый склон холма. Зимний пейзаж освещён луной. Рядом со Снегурочкой маленькие ёлочки, покрытые свежевыпавшим снегом, и тоненькая берёзка в инее. Вдалеке видны огни Берендеевки.",
            "painting_photo": "picture/snow_maiden.jpg",
            "painting_slug": "snow_maiden",
            "likes": []
        }
    },
    {
        "model": "paintings.painting",
        "pk": 49,
        "fields": {
            "painting_name": "Алёнушка",
            "painting_artist": 13,
            "painting_gallery": 1,
            "painting_creation_year": 1881,
            "painting_size": "173x120",
            "painting_materials": "холст, масло",
            "painting_description": "Изначально картина называлась «Дурочка Алёнушка». «Дурочками» в то время называли сирот.\r\nСо временем в восприятии зрителей картина оказалась связана со сказкой про сестрицу Алёнушку и брата Иванушку.",
            "painting_photo": "picture/alyonushka.jpg",
            "painting_slug": "alyonushka",
            "likes": []
        }
    },
    {
        "model": "paintings.painting",
        "pk": 50,
        "fields": {
            "painting_name": "Витязь на распутье",
            "painting_artist": 13,
            "painting_gallery": 1,
            "painting_creation_year": 1882,
            "painting_size": "167x299",
            "painting_materials": "холст, масло",
            "painting_description": "Надпись на камне соответствует былинным текстам, но видна не полностью. Выбор пути как один из роковых вопросов человеческой жизни на крупноформатном холсте мастера приобрел эпическое звучание. Перед камнем-предсказателем согнулся под тяжестью фатального пророчества опечаленный витязь. Зловещий ворон, садящееся красное солнце нагнетают атмосферу. Намеренный отказ от изображения дороги (как выхода из трудности) художником сделан для того, чтобы показать неотвратимость судьбы.",
            "painting_photo": "picture/vityaz_on_rasputye.jpg",
            "painting_slug": "vityaz_on_rasputye",
            "likes": []
        }
    },
    {
        "model": "paintings.painting",
        "pk": 51,
        "fields": {
            "painting_name": "Три царевны подземного царства",
            "painting_artist": 13,
            "painting_gallery": 1,
            "painting_creation_year": 1879,
            "painting_size": "153x165",
            "painting_materials": "холст, масло",
            "painting_description": "Основой картины стала народная сказка о подземных царевнах. Для Васнецова царевны являются олицетворением богатств русской земли. Поскольку работа предназначалась для главной конторы Донецкой железной дороги, художник смело меняет сюжет сказки, вводит новый персонаж - Черную царевну (уголь).",
            "painting_photo": "picture/three_princesses_of_underworld.jpg",
            "painting_slug": "three_princesses_of_underworld",
            "likes": []
        }
    },
    {
        "model": "paintings.painting",
        "pk": 52,
        "fields": {
            "painting_name": "Царь Иван IV Васильевич Грозный",
            "painting_artist": 13,
            "painting_gallery": 1,
            "painting_creation_year": 1897,
            "painting_size": "247x132",
            "painting_materials": "холст, масло",
            "painting_description": "Единственный исторический портрет, написанный художником. Идея создания изображения первого царя всея Руси пришла к Васнецову после его переезда из Петербурга в Москву в 1878 году.",
            "painting_photo": "picture/ivan_grozny_portrait.jpg",
            "painting_slug": "ivan_grozny_portrait",
            "likes": []
        }
    },
    {
        "model": "paintings.painting",
        "pk": 53,
        "fields": {
            "painting_name": "В сельской школе",
            "painting_artist": 14,
            "painting_gallery": 8,
            "painting_creation_year": 1883,
            "painting_size": "41x65",
            "painting_materials": "холст, масло",
            "painting_description": "Полотно «В сельской школе» отличается теплым колоритом. Картина наполнена солнечным светом, освещающим незамысловатый интерьер крестьянской избы. Выразительные средства служат главной задаче художника: показать мир детства крестьянских детей.",
            "painting_photo": "picture/in_rural_school.jpg",
            "painting_slug": "in_rural_school",
            "likes": []
        }
    },
    {
        "model": "paintings.painting",
        "pk": 54,
        "fields": {
            "painting_name": "Охотники",
            "painting_artist": 14,
            "painting_gallery": 7,
            "painting_creation_year": 1887,
            "painting_size": "36x85",
            "painting_materials": "холст, масло",
            "painting_description": "Известны несколько картин художника, написанных на охотничьи темы, герои и сценки в которых словно навеяны персонажами охотничьих рассказов Тургенева. К ним относится и работа «Охотники на привале» из собрания Серпуховского музея, написанная уже сложившимся мастером со своей индивидуальной манерой. Её, как и другие работы зрелого художника, отличает строгий психологизм, редкая наблюдательность жизненных явлений. В своей работе художник далёк от социального обличения. Следует отметить в картине заметное преобладание повествовательного элемента над живописным.",
            "painting_photo": "picture/hunters.jpg",
            "painting_slug": "hunters",
            "likes": []
        }
    },
    {
        "model": "paintings.painting",
        "pk": 55,
        "fields": {
            "painting_name": "Игра в бабки",
            "painting_artist": 14,
            "painting_gallery": 1,
            "painting_creation_year": 1870,
            "painting_size": "54x72",
            "painting_materials": "холст, масло",
            "painting_description": "На картине изображен момент игры детей в русскую народную забаву «бабки». В старые времена «бабки» делали из костей домашних животных, остававшихся после варки бульона. Самую крупную кость – биток – заливали свинцом, ее кидали в остальные, которые выстраивали в ряд. Играющие делились на две команды, выигрывали те, кто сбивал кости меньшим количеством бросков.",
            "painting_photo": "picture/play_in_babki.jpg",
            "painting_slug": "play_in_babki",
            "likes": []
        }
    },
    {
        "model": "users.customuser",
        "pk": 1,
        "fields": {
            "password": "pbkdf2_sha256$390000$KLUCka6DN6LSu1VjV9h5ci$+/nX4zWUT+o/Tszq3hlRSoZ5wOPqbinKDEsUtzifaZ4=",
            "last_login": "2023-04-07T19:57:12.624Z",
            "is_superuser": true,
            "first_name": "",
            "last_name": "",
            "is_staff": true,
            "is_active": true,
            "date_joined": "2023-03-29T20:38:22.059Z",
            "username": "semen",
            "email": "s@ya.ru",
            "image": "",
            "feedback_mails": null,
            "groups": [],
            "user_permissions": []
        }
    },
    {
        "model": "users.customuser",
        "pk": 2,
        "fields": {
            "password": "pbkdf2_sha256$390000$wd9g8qeSGpkhD9U2Aum0j3$9hb2BTkKO5QNERzXMnZ+rH93O8g/WxtVMCCAdYVeDe4=",
            "last_login": "2023-04-07T10:32:14.658Z",
            "is_superuser": false,
            "first_name": "",
            "last_name": "",
            "is_staff": false,
            "is_active": true,
            "date_joined": "2023-04-07T10:32:13.929Z",
            "username": "ssss",
            "email": "q@ya.ru",
            "image": "",
            "feedback_mails": null,
            "groups": [],
            "user_permissions": []
        }
    },
    {
        "model": "users.customuser",
        "pk": 3,
        "fields": {
            "password": "pbkdf2_sha256$390000$BGvOcajwwuJ7yens1z8GbA$Nz3wzrfqNoBCR2iXNzR3DH+sOAT99lpkCorHHcIVbDY=",
            "last_login": "2023-04-07T10:33:36.665Z",
            "is_superuser": false,
            "first_name": "",
            "last_name": "",
            "is_staff": false,
            "is_active": true,
            "date_joined": "2023-04-07T10:32:33.457Z",
            "username": "sssss",
            "email": "ss3ovchar@yandex.ru",
            "image": "",
            "feedback_mails": null,
            "groups": [],
            "user_permissions": []
        }
    },
    {
        "model": "admin.logentry",
        "pk": 1,
        "fields": {
            "action_time": "2023-04-07T15:00:25.430Z",
            "user": 1,
            "content_type": 6,
            "object_id": "14",
            "object_repr": "Маковский Владимир Егорович",
            "action_flag": 2,
            "change_message": "[{\"changed\": {\"fields\": [\"\\u0414\\u0430\\u0442\\u0430 \\u0440\\u043e\\u0436\\u0434\\u0435\\u043d\\u0438\\u044f \\u0445\\u0443\\u0434\\u043e\\u0436\\u043d\\u0438\\u043a\\u0430\"]}}]"
        }
    },
    {
        "model": "admin.logentry",
        "pk": 2,
        "fields": {
            "action_time": "2023-04-07T15:09:52.480Z",
            "user": 1,
            "content_type": 6,
            "object_id": "14",
            "object_repr": "Маковский Владимир Егорович",
            "action_flag": 2,
            "change_message": "[{\"changed\": {\"fields\": [\"\\u0414\\u0430\\u0442\\u0430 \\u0440\\u043e\\u0436\\u0434\\u0435\\u043d\\u0438\\u044f \\u0445\\u0443\\u0434\\u043e\\u0436\\u043d\\u0438\\u043a\\u0430\"]}}]"
        }
    },
    {
        "model": "admin.logentry",
        "pk": 3,
        "fields": {
            "action_time": "2023-04-07T21:44:59.505Z",
            "user": 1,
            "content_type": 6,
            "object_id": "1",
            "object_repr": "Шишкин Иван Иванович",
            "action_flag": 2,
            "change_message": "[{\"changed\": {\"fields\": [\"\\u0414\\u0430\\u0442\\u0430 \\u0440\\u043e\\u0436\\u0434\\u0435\\u043d\\u0438\\u044f \\u0445\\u0443\\u0434\\u043e\\u0436\\u043d\\u0438\\u043a\\u0430\", \"\\u0414\\u0430\\u0442\\u0430 \\u0441\\u043c\\u0435\\u0440\\u0442\\u0438 \\u0445\\u0443\\u0434\\u043e\\u0436\\u043d\\u0438\\u043a\\u0430\"]}}]"
        }
    },
    {
        "model": "admin.logentry",
        "pk": 4,
        "fields": {
            "action_time": "2023-04-07T21:45:13.975Z",
            "user": 1,
            "content_type": 6,
            "object_id": "2",
            "object_repr": "Репин Илья Ефимович",
            "action_flag": 2,
            "change_message": "[{\"changed\": {\"fields\": [\"\\u0414\\u0430\\u0442\\u0430 \\u0440\\u043e\\u0436\\u0434\\u0435\\u043d\\u0438\\u044f \\u0445\\u0443\\u0434\\u043e\\u0436\\u043d\\u0438\\u043a\\u0430\", \"\\u0414\\u0430\\u0442\\u0430 \\u0441\\u043c\\u0435\\u0440\\u0442\\u0438 \\u0445\\u0443\\u0434\\u043e\\u0436\\u043d\\u0438\\u043a\\u0430\"]}}]"
        }
    },
    {
        "model": "admin.logentry",
        "pk": 5,
        "fields": {
            "action_time": "2023-04-07T21:45:32.463Z",
            "user": 1,
            "content_type": 6,
            "object_id": "3",
            "object_repr": "Левитан Исаак Ильич",
            "action_flag": 2,
            "change_message": "[{\"changed\": {\"fields\": [\"\\u0414\\u0430\\u0442\\u0430 \\u0440\\u043e\\u0436\\u0434\\u0435\\u043d\\u0438\\u044f \\u0445\\u0443\\u0434\\u043e\\u0436\\u043d\\u0438\\u043a\\u0430\", \"\\u0414\\u0430\\u0442\\u0430 \\u0441\\u043c\\u0435\\u0440\\u0442\\u0438 \\u0445\\u0443\\u0434\\u043e\\u0436\\u043d\\u0438\\u043a\\u0430\"]}}]"
        }
    },
    {
        "model": "admin.logentry",
        "pk": 6,
        "fields": {
            "action_time": "2023-04-07T21:45:52.541Z",
            "user": 1,
            "content_type": 6,
            "object_id": "4",
            "object_repr": "Саврасов Алексей Кондратьевич",
            "action_flag": 2,
            "change_message": "[{\"changed\": {\"fields\": [\"\\u0414\\u0430\\u0442\\u0430 \\u0440\\u043e\\u0436\\u0434\\u0435\\u043d\\u0438\\u044f \\u0445\\u0443\\u0434\\u043e\\u0436\\u043d\\u0438\\u043a\\u0430\", \"\\u0414\\u0430\\u0442\\u0430 \\u0441\\u043c\\u0435\\u0440\\u0442\\u0438 \\u0445\\u0443\\u0434\\u043e\\u0436\\u043d\\u0438\\u043a\\u0430\"]}}]"
        }
    },
    {
        "model": "admin.logentry",
        "pk": 7,
        "fields": {
            "action_time": "2023-04-07T21:46:14.252Z",
            "user": 1,
            "content_type": 6,
            "object_id": "5",
            "object_repr": "Суриков Василий Иванович",
            "action_flag": 2,
            "change_message": "[{\"changed\": {\"fields\": [\"\\u0414\\u0430\\u0442\\u0430 \\u0440\\u043e\\u0436\\u0434\\u0435\\u043d\\u0438\\u044f \\u0445\\u0443\\u0434\\u043e\\u0436\\u043d\\u0438\\u043a\\u0430\", \"\\u0414\\u0430\\u0442\\u0430 \\u0441\\u043c\\u0435\\u0440\\u0442\\u0438 \\u0445\\u0443\\u0434\\u043e\\u0436\\u043d\\u0438\\u043a\\u0430\"]}}]"
        }
    },
    {
        "model": "admin.logentry",
        "pk": 8,
        "fields": {
            "action_time": "2023-04-07T21:46:31.791Z",
            "user": 1,
            "content_type": 6,
            "object_id": "3",
            "object_repr": "Левитан Исаак Ильич",
            "action_flag": 2,
            "change_message": "[{\"changed\": {\"fields\": [\"\\u0414\\u0430\\u0442\\u0430 \\u0440\\u043e\\u0436\\u0434\\u0435\\u043d\\u0438\\u044f \\u0445\\u0443\\u0434\\u043e\\u0436\\u043d\\u0438\\u043a\\u0430\", \"\\u0414\\u0430\\u0442\\u0430 \\u0441\\u043c\\u0435\\u0440\\u0442\\u0438 \\u0445\\u0443\\u0434\\u043e\\u0436\\u043d\\u0438\\u043a\\u0430\"]}}]"
        }
    },
    {
        "model": "admin.logentry",
        "pk": 9,
        "fields": {
            "action_time": "2023-04-07T21:46:51.784Z",
            "user": 1,
            "content_type": 6,
            "object_id": "2",
            "object_repr": "Репин Илья Ефимович",
            "action_flag": 2,
            "change_message": "[{\"changed\": {\"fields\": [\"\\u0414\\u0430\\u0442\\u0430 \\u0440\\u043e\\u0436\\u0434\\u0435\\u043d\\u0438\\u044f \\u0445\\u0443\\u0434\\u043e\\u0436\\u043d\\u0438\\u043a\\u0430\", \"\\u0414\\u0430\\u0442\\u0430 \\u0441\\u043c\\u0435\\u0440\\u0442\\u0438 \\u0445\\u0443\\u0434\\u043e\\u0436\\u043d\\u0438\\u043a\\u0430\"]}}]"
        }
    },
    {
        "model": "admin.logentry",
        "pk": 10,
        "fields": {
            "action_time": "2023-04-07T21:47:09.208Z",
            "user": 1,
            "content_type": 6,
            "object_id": "1",
            "object_repr": "Шишкин Иван Иванович",
            "action_flag": 2,
            "change_message": "[{\"changed\": {\"fields\": [\"\\u0414\\u0430\\u0442\\u0430 \\u0440\\u043e\\u0436\\u0434\\u0435\\u043d\\u0438\\u044f \\u0445\\u0443\\u0434\\u043e\\u0436\\u043d\\u0438\\u043a\\u0430\", \"\\u0414\\u0430\\u0442\\u0430 \\u0441\\u043c\\u0435\\u0440\\u0442\\u0438 \\u0445\\u0443\\u0434\\u043e\\u0436\\u043d\\u0438\\u043a\\u0430\"]}}]"
        }
    },
    {
        "model": "admin.logentry",
        "pk": 11,
        "fields": {
            "action_time": "2023-04-07T21:47:39.549Z",
            "user": 1,
            "content_type": 6,
            "object_id": "6",
            "object_repr": "Маковский Константин Егорович",
            "action_flag": 2,
            "change_message": "[{\"changed\": {\"fields\": [\"\\u0414\\u0430\\u0442\\u0430 \\u0440\\u043e\\u0436\\u0434\\u0435\\u043d\\u0438\\u044f \\u0445\\u0443\\u0434\\u043e\\u0436\\u043d\\u0438\\u043a\\u0430\", \"\\u0414\\u0430\\u0442\\u0430 \\u0441\\u043c\\u0435\\u0440\\u0442\\u0438 \\u0445\\u0443\\u0434\\u043e\\u0436\\u043d\\u0438\\u043a\\u0430\"]}}]"
        }
    },
    {
        "model": "admin.logentry",
        "pk": 12,
        "fields": {
            "action_time": "2023-04-07T21:47:54.643Z",
            "user": 1,
            "content_type": 6,
            "object_id": "7",
            "object_repr": "Поленов Василий Дмитриевич",
            "action_flag": 2,
            "change_message": "[{\"changed\": {\"fields\": [\"\\u0414\\u0430\\u0442\\u0430 \\u0440\\u043e\\u0436\\u0434\\u0435\\u043d\\u0438\\u044f \\u0445\\u0443\\u0434\\u043e\\u0436\\u043d\\u0438\\u043a\\u0430\", \"\\u0414\\u0430\\u0442\\u0430 \\u0441\\u043c\\u0435\\u0440\\u0442\\u0438 \\u0445\\u0443\\u0434\\u043e\\u0436\\u043d\\u0438\\u043a\\u0430\"]}}]"
        }
    },
    {
        "model": "admin.logentry",
        "pk": 13,
        "fields": {
            "action_time": "2023-04-07T21:48:28.394Z",
            "user": 1,
            "content_type": 6,
            "object_id": "7",
            "object_repr": "Поленов Василий Дмитриевич",
            "action_flag": 2,
            "change_message": "[{\"changed\": {\"fields\": [\"\\u0414\\u0430\\u0442\\u0430 \\u0440\\u043e\\u0436\\u0434\\u0435\\u043d\\u0438\\u044f \\u0445\\u0443\\u0434\\u043e\\u0436\\u043d\\u0438\\u043a\\u0430\", \"\\u0414\\u0430\\u0442\\u0430 \\u0441\\u043c\\u0435\\u0440\\u0442\\u0438 \\u0445\\u0443\\u0434\\u043e\\u0436\\u043d\\u0438\\u043a\\u0430\"]}}]"
        }
    },
    {
        "model": "admin.logentry",
        "pk": 14,
        "fields": {
            "action_time": "2023-04-07T21:48:39.241Z",
            "user": 1,
            "content_type": 6,
            "object_id": "8",
            "object_repr": "Серов Валентин Александрович",
            "action_flag": 2,
            "change_message": "[{\"changed\": {\"fields\": [\"\\u0414\\u0430\\u0442\\u0430 \\u0440\\u043e\\u0436\\u0434\\u0435\\u043d\\u0438\\u044f \\u0445\\u0443\\u0434\\u043e\\u0436\\u043d\\u0438\\u043a\\u0430\", \"\\u0414\\u0430\\u0442\\u0430 \\u0441\\u043c\\u0435\\u0440\\u0442\\u0438 \\u0445\\u0443\\u0434\\u043e\\u0436\\u043d\\u0438\\u043a\\u0430\"]}}]"
        }
    },
    {
        "model": "admin.logentry",
        "pk": 15,
        "fields": {
            "action_time": "2023-04-07T21:48:52.930Z",
            "user": 1,
            "content_type": 6,
            "object_id": "9",
            "object_repr": "Перов Василий Григорьевич",
            "action_flag": 2,
            "change_message": "[{\"changed\": {\"fields\": [\"\\u0414\\u0430\\u0442\\u0430 \\u0440\\u043e\\u0436\\u0434\\u0435\\u043d\\u0438\\u044f \\u0445\\u0443\\u0434\\u043e\\u0436\\u043d\\u0438\\u043a\\u0430\", \"\\u0414\\u0430\\u0442\\u0430 \\u0441\\u043c\\u0435\\u0440\\u0442\\u0438 \\u0445\\u0443\\u0434\\u043e\\u0436\\u043d\\u0438\\u043a\\u0430\"]}}]"
        }
    },
    {
        "model": "admin.logentry",
        "pk": 16,
        "fields": {
            "action_time": "2023-04-07T21:49:03.417Z",
            "user": 1,
            "content_type": 6,
            "object_id": "10",
            "object_repr": "Куинджи Архип Иванович",
            "action_flag": 2,
            "change_message": "[{\"changed\": {\"fields\": [\"\\u0414\\u0430\\u0442\\u0430 \\u0440\\u043e\\u0436\\u0434\\u0435\\u043d\\u0438\\u044f \\u0445\\u0443\\u0434\\u043e\\u0436\\u043d\\u0438\\u043a\\u0430\", \"\\u0414\\u0430\\u0442\\u0430 \\u0441\\u043c\\u0435\\u0440\\u0442\\u0438 \\u0445\\u0443\\u0434\\u043e\\u0436\\u043d\\u0438\\u043a\\u0430\"]}}]"
        }
    },
    {
        "model": "admin.logentry",
        "pk": 17,
        "fields": {
            "action_time": "2023-04-07T21:49:17.731Z",
            "user": 1,
            "content_type": 6,
            "object_id": "11",
            "object_repr": "Ге Николай Николаевич",
            "action_flag": 2,
            "change_message": "[{\"changed\": {\"fields\": [\"\\u0414\\u0430\\u0442\\u0430 \\u0440\\u043e\\u0436\\u0434\\u0435\\u043d\\u0438\\u044f \\u0445\\u0443\\u0434\\u043e\\u0436\\u043d\\u0438\\u043a\\u0430\", \"\\u0414\\u0430\\u0442\\u0430 \\u0441\\u043c\\u0435\\u0440\\u0442\\u0438 \\u0445\\u0443\\u0434\\u043e\\u0436\\u043d\\u0438\\u043a\\u0430\"]}}]"
        }
    },
    {
        "model": "admin.logentry",
        "pk": 18,
        "fields": {
            "action_time": "2023-04-07T21:49:28.165Z",
            "user": 1,
            "content_type": 6,
            "object_id": "12",
            "object_repr": "Васнецов Аполлинарий Михайлович",
            "action_flag": 2,
            "change_message": "[{\"changed\": {\"fields\": [\"\\u0414\\u0430\\u0442\\u0430 \\u0440\\u043e\\u0436\\u0434\\u0435\\u043d\\u0438\\u044f \\u0445\\u0443\\u0434\\u043e\\u0436\\u043d\\u0438\\u043a\\u0430\", \"\\u0414\\u0430\\u0442\\u0430 \\u0441\\u043c\\u0435\\u0440\\u0442\\u0438 \\u0445\\u0443\\u0434\\u043e\\u0436\\u043d\\u0438\\u043a\\u0430\"]}}]"
        }
    },
    {
        "model": "admin.logentry",
        "pk": 19,
        "fields": {
            "action_time": "2023-04-07T21:49:40.994Z",
            "user": 1,
            "content_type": 6,
            "object_id": "13",
            "object_repr": "Васнецов Виктор Михайлович",
            "action_flag": 2,
            "change_message": "[{\"changed\": {\"fields\": [\"\\u0414\\u0430\\u0442\\u0430 \\u0440\\u043e\\u0436\\u0434\\u0435\\u043d\\u0438\\u044f \\u0445\\u0443\\u0434\\u043e\\u0436\\u043d\\u0438\\u043a\\u0430\", \"\\u0414\\u0430\\u0442\\u0430 \\u0441\\u043c\\u0435\\u0440\\u0442\\u0438 \\u0445\\u0443\\u0434\\u043e\\u0436\\u043d\\u0438\\u043a\\u0430\"]}}]"
        }
    },
    {
        "model": "admin.logentry",
        "pk": 20,
        "fields": {
            "action_time": "2023-04-07T21:49:49.946Z",
            "user": 1,
            "content_type": 6,
            "object_id": "14",
            "object_repr": "Маковский Владимир Егорович",
            "action_flag": 2,
            "change_message": "[{\"changed\": {\"fields\": [\"\\u0414\\u0430\\u0442\\u0430 \\u0440\\u043e\\u0436\\u0434\\u0435\\u043d\\u0438\\u044f \\u0445\\u0443\\u0434\\u043e\\u0436\\u043d\\u0438\\u043a\\u0430\", \"\\u0414\\u0430\\u0442\\u0430 \\u0441\\u043c\\u0435\\u0440\\u0442\\u0438 \\u0445\\u0443\\u0434\\u043e\\u0436\\u043d\\u0438\\u043a\\u0430\"]}}]"
        }
    },
    {
        "model": "sessions.session",
        "pk": "0toufmeoz3uv23luaye3z9qgf1i4u5pq",
        "fields": {
            "session_data": ".eJxVjDsOwjAQBe_iGlkQe_2hpOcM0a53jQPIluKkQtwdIqWA9s3Me6kR16WMa5d5nFidlVGH340wPaRugO9Yb02nVpd5Ir0peqddXxvL87K7fwcFe_nWCImCQQRicxTywUVBgpyNNS6nGNHGTMgcIgFncYH9AHACy-IxDur9ARq3OQ8:1pkjPU:xRW_AjAozKBK3rMhrRTZl0W08T2Ko3vadHIpBiF2kkc",
            "expire_date": "2023-04-21T10:33:36.739Z"
        }
    },
    {
        "model": "sessions.session",
        "pk": "hpik53ojoh8gftci3uv7k72dwdfylyx9",
        "fields": {
            "session_data": ".eJxVjDsOwjAQBe_iGln-fyjpOYNl765xADlSnFSIu0OkFNC-mXkvlvK2trQNWtKE7MwkO_1uJcOD-g7wnvtt5jD3dZkK3xV-0MGvM9Lzcrh_By2P9q2tslVCDlLoqLQXECPpYLAa6bFqNKQKaBeCU9F7B1S1NQpEJaxIWNj7A8kWOBY:1phcZS:WcYI_bba56HZiEGZsTc4TJXwqwn1MW6aAeyLzrh1Rho",
            "expire_date": "2023-04-12T20:39:02.212Z"
        }
    },
    {
        "model": "sessions.session",
        "pk": "jln65z72rbyxafwmjeboe6ghg8xrj0ht",
        "fields": {
            "session_data": ".eJxVjDsOwjAQBe_iGln-fyjpOYNl765xADlSnFSIu0OkFNC-mXkvlvK2trQNWtKE7MwkO_1uJcOD-g7wnvtt5jD3dZkK3xV-0MGvM9Lzcrh_By2P9q2tslVCDlLoqLQXECPpYLAa6bFqNKQKaBeCU9F7B1S1NQpEJaxIWNj7A8kWOBY:1pksCu:Wn2_CEVHMl7bo7yuymXGJuKF4Nqq7pCctSJnE4nDJVA",
            "expire_date": "2023-04-21T19:57:12.665Z"
        }
    },
    {
        "model": "sessions.session",
        "pk": "s8vxn4wzq3jf4ze08bu18m5koipx5nbk",
        "fields": {
            "session_data": ".eJxVjDsOwjAQBe_iGln-fyjpOYNl765xADlSnFSIu0OkFNC-mXkvlvK2trQNWtKE7MwkO_1uJcOD-g7wnvtt5jD3dZkK3xV-0MGvM9Lzcrh_By2P9q2tslVCDlLoqLQXECPpYLAa6bFqNKQKaBeCU9F7B1S1NQpEJaxIWNj7A8kWOBY:1phdPp:2-vdt0MxAQMw3JdwGXl-Ziydr3xG1djGNuII3UWzB3A",
            "expire_date": "2023-04-12T21:33:09.146Z"
        }
    },
    {
        "model": "sessions.session",
        "pk": "zz2m1tfmjh7zd33ev3o09tk89g45rbks",
        "fields": {
            "session_data": ".eJxVjDsOwjAQBe_iGln-fyjpOYNl765xADlSnFSIu0OkFNC-mXkvlvK2trQNWtKE7MwkO_1uJcOD-g7wnvtt5jD3dZkK3xV-0MGvM9Lzcrh_By2P9q2tslVCDlLoqLQXECPpYLAa6bFqNKQKaBeCU9F7B1S1NQpEJaxIWNj7A8kWOBY:1pknWU:TNZbzm8XNZtwke1SjxTi0dAnJisZVGHkiMkbJ60f14E",
            "expire_date": "2023-04-21T14:57:06.666Z"
        }
    },
    {
        "model": "thumbnail.kvstore",
        "pk": "sorl-thumbnail||image||029d80e1fee1da73749f763e7d733bf1",
        "fields": {
            "value": "{\"name\": \"artists/perov.jpeg\", \"storage\": \"django.core.files.storage.FileSystemStorage\", \"size\": [2335, 3000]}"
        }
    },
    {
        "model": "thumbnail.kvstore",
        "pk": "sorl-thumbnail||image||0490a6f8663bfc43d8eb191cfb87af8a",
        "fields": {
            "value": "{\"name\": \"artists/ge.jpg\", \"storage\": \"django.core.files.storage.FileSystemStorage\", \"size\": [1917, 2573]}"
        }
    },
    {
        "model": "thumbnail.kvstore",
        "pk": "sorl-thumbnail||image||0d6490f0e0aead0e56e8ddecfd23b32f",
        "fields": {
            "value": "{\"name\": \"cache/f0/d3/f0d381834788e0ff31416f5f72273c62.jpg\", \"storage\": \"django.core.files.storage.FileSystemStorage\", \"size\": [350, 200]}"
        }
    },
    {
        "model": "thumbnail.kvstore",
        "pk": "sorl-thumbnail||image||0f54570425e7860ec6996de4f8292fe4",
        "fields": {
            "value": "{\"name\": \"galleries/ulyanovck_art_museum.jpeg\", \"storage\": \"django.core.files.storage.FileSystemStorage\", \"size\": [1200, 800]}"
        }
    },
    {
        "model": "thumbnail.kvstore",
        "pk": "sorl-thumbnail||image||109cab63e6775a0d6fdeaf62aa668b25",
        "fields": {
            "value": "{\"name\": \"cache/85/f2/85f278bc4175b1e64c1909e0cf6921b3.jpg\", \"storage\": \"django.core.files.storage.FileSystemStorage\", \"size\": [300, 300]}"
        }
    },
    {
        "model": "thumbnail.kvstore",
        "pk": "sorl-thumbnail||image||12302d6484e1ea33e951143795cbcdff",
        "fields": {
            "value": "{\"name\": \"cache/df/8f/df8fc56b861b063150215264be7f2d3a.jpg\", \"storage\": \"django.core.files.storage.FileSystemStorage\", \"size\": [200, 200]}"
        }
    },
    {
        "model": "thumbnail.kvstore",
        "pk": "sorl-thumbnail||image||1970fc8e73ae444eee2246e56215bc2d",
        "fields": {
            "value": "{\"name\": \"artists/appolinariy_vasnetsov.jpg\", \"storage\": \"django.core.files.storage.FileSystemStorage\", \"size\": [684, 873]}"
        }
    },
    {
        "model": "thumbnail.kvstore",
        "pk": "sorl-thumbnail||image||1f5502096a8b9142875a8a95bca027a7",
        "fields": {
            "value": "{\"name\": \"galleries/russian_museum_pushkin.jpg\", \"storage\": \"django.core.files.storage.FileSystemStorage\", \"size\": [1087, 720]}"
        }
    },
    {
        "model": "thumbnail.kvstore",
        "pk": "sorl-thumbnail||image||1fb1a35144a6ae66598958540a855a56",
        "fields": {
            "value": "{\"name\": \"cache/2d/c0/2dc0c97cde5010b09438e425f24007a2.jpg\", \"storage\": \"django.core.files.storage.FileSystemStorage\", \"size\": [300, 300]}"
        }
    },
    {
        "model": "thumbnail.kvstore",
        "pk": "sorl-thumbnail||image||2221ff143c1079ae7a6e8f8904523590",
        "fields": {
            "value": "{\"name\": \"galleries/tylskiy_3.jpg\", \"storage\": \"django.core.files.storage.FileSystemStorage\", \"size\": [1000, 666]}"
        }
    },
    {
        "model": "thumbnail.kvstore",
        "pk": "sorl-thumbnail||image||22cf59afdd7de070b2b8589c3c8828f5",
        "fields": {
            "value": "{\"name\": \"galleries/tylskiy_1.jpg\", \"storage\": \"django.core.files.storage.FileSystemStorage\", \"size\": [860, 570]}"
        }
    },
    {
        "model": "thumbnail.kvstore",
        "pk": "sorl-thumbnail||image||286aa177ccde55c8b202a0ee2c7b6896",
        "fields": {
            "value": "{\"name\": \"cache/e2/96/e296c3db6b034b91199f5647e2c2aef6.jpg\", \"storage\": \"django.core.files.storage.FileSystemStorage\", \"size\": [350, 200]}"
        }
    },
    {
        "model": "thumbnail.kvstore",
        "pk": "sorl-thumbnail||image||2b1d23c99bd5848d1908e853f3e762d4",
        "fields": {
            "value": "{\"name\": \"cache/b8/38/b8381f60a3901723c4e557594979120e.jpg\", \"storage\": \"django.core.files.storage.FileSystemStorage\", \"size\": [200, 200]}"
        }
    },
    {
        "model": "thumbnail.kvstore",
        "pk": "sorl-thumbnail||image||2cbb6175bee68790762e176538e31a2a",
        "fields": {
            "value": "{\"name\": \"cache/33/2d/332d2087514cff52a79aa300d7eea44b.jpg\", \"storage\": \"django.core.files.storage.FileSystemStorage\", \"size\": [200, 200]}"
        }
    },
    {
        "model": "thumbnail.kvstore",
        "pk": "sorl-thumbnail||image||2e3d851e5b519e365af3f41ff82f4f1e",
        "fields": {
            "value": "{\"name\": \"artists/vladimir_makovskiy.jpg\", \"storage\": \"django.core.files.storage.FileSystemStorage\", \"size\": [1200, 1063]}"
        }
    },
    {
        "model": "thumbnail.kvstore",
        "pk": "sorl-thumbnail||image||342df48b328bc6f5dce4b4f8d4063289",
        "fields": {
            "value": "{\"name\": \"cache/92/e1/92e1bd337205b9e78d5352c4f029d2ef.jpg\", \"storage\": \"django.core.files.storage.FileSystemStorage\", \"size\": [200, 200]}"
        }
    },
    {
        "model": "thumbnail.kvstore",
        "pk": "sorl-thumbnail||image||346ea6d296e7129c5b415dc658aacd5c",
        "fields": {
            "value": "{\"name\": \"cache/c1/2c/c12c99ab0834f39f31373f66d16242be.jpg\", \"storage\": \"django.core.files.storage.FileSystemStorage\", \"size\": [200, 200]}"
        }
    },
    {
        "model": "thumbnail.kvstore",
        "pk": "sorl-thumbnail||image||35640075726b2bde50612ed27d54dfb6",
        "fields": {
            "value": "{\"name\": \"galleries/private_collections.jpg\", \"storage\": \"django.core.files.storage.FileSystemStorage\", \"size\": [1024, 762]}"
        }
    },
    {
        "model": "thumbnail.kvstore",
        "pk": "sorl-thumbnail||image||39e001063afefdada4220752769daedc",
        "fields": {
            "value": "{\"name\": \"artists/konstantin_makovskiy.jpg\", \"storage\": \"django.core.files.storage.FileSystemStorage\", \"size\": [800, 1071]}"
        }
    },
    {
        "model": "thumbnail.kvstore",
        "pk": "sorl-thumbnail||image||43a03cb20a3d862c1b14e4627d1c4e85",
        "fields": {
            "value": "{\"name\": \"cache/81/0d/810db0398792c4810f3177dcde695244.jpg\", \"storage\": \"django.core.files.storage.FileSystemStorage\", \"size\": [350, 200]}"
        }
    },
    {
        "model": "thumbnail.kvstore",
        "pk": "sorl-thumbnail||image||43c75f59e5174a8b49e5174dfdc8556a",
        "fields": {
            "value": "{\"name\": \"galleries/tylskiy_2.jpg\", \"storage\": \"django.core.files.storage.FileSystemStorage\", \"size\": [1202, 800]}"
        }
    },
    {
        "model": "thumbnail.kvstore",
        "pk": "sorl-thumbnail||image||4b5e0c2067c825927549e57c16785a60",
        "fields": {
            "value": "{\"name\": \"cache/ba/b6/bab61742aa908acc4510b48fbc50bd06.jpg\", \"storage\": \"django.core.files.storage.FileSystemStorage\", \"size\": [350, 200]}"
        }
    },
    {
        "model": "thumbnail.kvstore",
        "pk": "sorl-thumbnail||image||4c662d7e0c965b42897c8a6191838ff1",
        "fields": {
            "value": "{\"name\": \"cache/3e/27/3e270b86c93e6d9e5b8129257981ae00.jpg\", \"storage\": \"django.core.files.storage.FileSystemStorage\", \"size\": [600, 300]}"
        }
    },
    {
        "model": "thumbnail.kvstore",
        "pk": "sorl-thumbnail||image||526e29153e20766611c0132bde4a5029",
        "fields": {
            "value": "{\"name\": \"cache/f0/a8/f0a8e356617e084e7a75c2b79cb16c1b.jpg\", \"storage\": \"django.core.files.storage.FileSystemStorage\", \"size\": [600, 300]}"
        }
    },
    {
        "model": "thumbnail.kvstore",
        "pk": "sorl-thumbnail||image||53da57b01eecce445baca037a8da0605",
        "fields": {
            "value": "{\"name\": \"cache/2d/89/2d89bc024a4081f965215e82060ee5ee.jpg\", \"storage\": \"django.core.files.storage.FileSystemStorage\", \"size\": [200, 200]}"
        }
    },
    {
        "model": "thumbnail.kvstore",
        "pk": "sorl-thumbnail||image||550b99b00c78df30c0f052266e21d052",
        "fields": {
            "value": "{\"name\": \"cache/a6/2c/a62c0c88b9a3b296f120624898f5f877.jpg\", \"storage\": \"django.core.files.storage.FileSystemStorage\", \"size\": [300, 300]}"
        }
    },
    {
        "model": "thumbnail.kvstore",
        "pk": "sorl-thumbnail||image||583d140092604dfc695e88613cb7c66d",
        "fields": {
            "value": "{\"name\": \"cache/66/d5/66d536cdb8c4045bb1f0edcb8a0807fb.jpg\", \"storage\": \"django.core.files.storage.FileSystemStorage\", \"size\": [300, 300]}"
        }
    },
    {
        "model": "thumbnail.kvstore",
        "pk": "sorl-thumbnail||image||5b0193c523e8fe1f3703997bd35d0b7e",
        "fields": {
            "value": "{\"name\": \"cache/b7/37/b737f09f0643fcda1b894b0ce82dc4be.jpg\", \"storage\": \"django.core.files.storage.FileSystemStorage\", \"size\": [550, 289]}"
        }
    },
    {
        "model": "thumbnail.kvstore",
        "pk": "sorl-thumbnail||image||5b332f8fafab3a9045cc96ed6527b1ef",
        "fields": {
            "value": "{\"name\": \"cache/86/77/8677241aeaa007079d87e2f54c9e5801.jpg\", \"storage\": \"django.core.files.storage.FileSystemStorage\", \"size\": [300, 300]}"
        }
    },
    {
        "model": "thumbnail.kvstore",
        "pk": "sorl-thumbnail||image||5ce2b865d59be61aa831bad30f45b6eb",
        "fields": {
            "value": "{\"name\": \"cache/aa/cf/aacf6e20a065bbda4cd0a48c519cd651.jpg\", \"storage\": \"django.core.files.storage.FileSystemStorage\", \"size\": [200, 200]}"
        }
    },
    {
        "model": "thumbnail.kvstore",
        "pk": "sorl-thumbnail||image||5f5e7b62745834ae36ebd6841fb9e4cf",
        "fields": {
            "value": "{\"name\": \"cache/fa/df/fadf21cfacd38ab999b182817d176d60.jpg\", \"storage\": \"django.core.files.storage.FileSystemStorage\", \"size\": [200, 200]}"
        }
    },
    {
        "model": "thumbnail.kvstore",
        "pk": "sorl-thumbnail||image||633f106219b60ad00fa8cb158d16c25c",
        "fields": {
            "value": "{\"name\": \"galleries/state_russian_museum.jpg\", \"storage\": \"django.core.files.storage.FileSystemStorage\", \"size\": [1200, 750]}"
        }
    },
    {
        "model": "thumbnail.kvstore",
        "pk": "sorl-thumbnail||image||657e640b7ad4644913962b56eeae3660",
        "fields": {
            "value": "{\"name\": \"galleries/tretyakovskaya.jpg\", \"storage\": \"django.core.files.storage.FileSystemStorage\", \"size\": [1200, 630]}"
        }
    },
    {
        "model": "thumbnail.kvstore",
        "pk": "sorl-thumbnail||image||6beef14d20ce1ce5dddd751191e794d6",
        "fields": {
            "value": "{\"name\": \"cache/74/cc/74ccba129e8bb2287f11d2bff66f9959.jpg\", \"storage\": \"django.core.files.storage.FileSystemStorage\", \"size\": [300, 300]}"
        }
    },
    {
        "model": "thumbnail.kvstore",
        "pk": "sorl-thumbnail||image||6eed79bb5024f85daaefcefcef6b1097",
        "fields": {
            "value": "{\"name\": \"galleries/tretyakovka_3_GxDRzrY.jpg\", \"storage\": \"django.core.files.storage.FileSystemStorage\", \"size\": [1600, 1066]}"
        }
    },
    {
        "model": "thumbnail.kvstore",
        "pk": "sorl-thumbnail||image||716ae762a38bc804046cca2394d8230c",
        "fields": {
            "value": "{\"name\": \"cache/85/4a/854af399e29c7e4c2ab7a0c6ddd0cac1.jpg\", \"storage\": \"django.core.files.storage.FileSystemStorage\", \"size\": [600, 300]}"
        }
    },
    {
        "model": "thumbnail.kvstore",
        "pk": "sorl-thumbnail||image||730e055af599eb1febef7e8f323c400d",
        "fields": {
            "value": "{\"name\": \"cache/14/58/1458ab47a95b82887a6e58a4184efe19.jpg\", \"storage\": \"django.core.files.storage.FileSystemStorage\", \"size\": [200, 200]}"
        }
    },
    {
        "model": "thumbnail.kvstore",
        "pk": "sorl-thumbnail||image||80853631df914a0f60a71865199d5a55",
        "fields": {
            "value": "{\"name\": \"artists/levitan.jpeg\", \"storage\": \"django.core.files.storage.FileSystemStorage\", \"size\": [1369, 965]}"
        }
    },
    {
        "model": "thumbnail.kvstore",
        "pk": "sorl-thumbnail||image||80f5b0154895e8b21eecd594a5032584",
        "fields": {
            "value": "{\"name\": \"cache/58/24/582451a8779c24391b3ac826e2e42592.jpg\", \"storage\": \"django.core.files.storage.FileSystemStorage\", \"size\": [600, 300]}"
        }
    },
    {
        "model": "thumbnail.kvstore",
        "pk": "sorl-thumbnail||image||8116525d77f53acbae5b98ce5b02db53",
        "fields": {
            "value": "{\"name\": \"artists/kuindzhi.jpg\", \"storage\": \"django.core.files.storage.FileSystemStorage\", \"size\": [835, 555]}"
        }
    },
    {
        "model": "thumbnail.kvstore",
        "pk": "sorl-thumbnail||image||840cae5d6cdc85112415a0165a880ccb",
        "fields": {
            "value": "{\"name\": \"cache/3e/cf/3ecf55d15941e0ed96092dd9b405c9de.jpg\", \"storage\": \"django.core.files.storage.FileSystemStorage\", \"size\": [200, 200]}"
        }
    },
    {
        "model": "thumbnail.kvstore",
        "pk": "sorl-thumbnail||image||8bced83ca554b78c01c5b8bd2a85f986",
        "fields": {
            "value": "{\"name\": \"cache/58/9a/589a5240dcb4abcad2091067efc39fef.jpg\", \"storage\": \"django.core.files.storage.FileSystemStorage\", \"size\": [300, 300]}"
        }
    },
    {
        "model": "thumbnail.kvstore",
        "pk": "sorl-thumbnail||image||8da9d18e9d0d0df089d9ea45af51f717",
        "fields": {
            "value": "{\"name\": \"artists/serov.jpg\", \"storage\": \"django.core.files.storage.FileSystemStorage\", \"size\": [736, 961]}"
        }
    },
    {
        "model": "thumbnail.kvstore",
        "pk": "sorl-thumbnail||image||91cae8586df0665cd48574681f20b708",
        "fields": {
            "value": "{\"name\": \"galleries/tretyakovka_1_MaIqBr7.jpg\", \"storage\": \"django.core.files.storage.FileSystemStorage\", \"size\": [800, 532]}"
        }
    },
    {
        "model": "thumbnail.kvstore",
        "pk": "sorl-thumbnail||image||92f25f0ac968ed2b3e87cbae921e9a7c",
        "fields": {
            "value": "{\"name\": \"cache/f3/79/f3790b3209d7f43449283329a40ba47f.jpg\", \"storage\": \"django.core.files.storage.FileSystemStorage\", \"size\": [300, 300]}"
        }
    },
    {
        "model": "thumbnail.kvstore",
        "pk": "sorl-thumbnail||image||931b16d1921e558b3da7daac6b74d2b6",
        "fields": {
            "value": "{\"name\": \"cache/f6/60/f660167b3889e9b23339bdd37d2bc01e.jpg\", \"storage\": \"django.core.files.storage.FileSystemStorage\", \"size\": [600, 300]}"
        }
    },
    {
        "model": "thumbnail.kvstore",
        "pk": "sorl-thumbnail||image||9c9ff781c5c0c183757cc75953911290",
        "fields": {
            "value": "{\"name\": \"cache/25/fe/25fe8cf495ec5ab3757d74f695d1eb7b.jpg\", \"storage\": \"django.core.files.storage.FileSystemStorage\", \"size\": [300, 300]}"
        }
    },
    {
        "model": "thumbnail.kvstore",
        "pk": "sorl-thumbnail||image||9e4d77514f3121f8f841ac581d09aec0",
        "fields": {
            "value": "{\"name\": \"cache/e9/ed/e9ed4c05cadfafb83ef9654f0661082f.jpg\", \"storage\": \"django.core.files.storage.FileSystemStorage\", \"size\": [300, 300]}"
        }
    },
    {
        "model": "thumbnail.kvstore",
        "pk": "sorl-thumbnail||image||a3a851c41751e6bd211afcbe103201f0",
        "fields": {
            "value": "{\"name\": \"cache/3c/fa/3cfa58212a1aeb7ea5e9df3420ba65da.jpg\", \"storage\": \"django.core.files.storage.FileSystemStorage\", \"size\": [350, 200]}"
        }
    },
    {
        "model": "thumbnail.kvstore",
        "pk": "sorl-thumbnail||image||ab9c292036f2e08599dddf531cbfa78f",
        "fields": {
            "value": "{\"name\": \"artists/savrasov.jpg\", \"storage\": \"django.core.files.storage.FileSystemStorage\", \"size\": [1200, 900]}"
        }
    },
    {
        "model": "thumbnail.kvstore",
        "pk": "sorl-thumbnail||image||ac37bc2a9d550f7a4bcb46f631b79550",
        "fields": {
            "value": "{\"name\": \"cache/5b/61/5b61d8274a867b09a833ee28a29f62d7.jpg\", \"storage\": \"django.core.files.storage.FileSystemStorage\", \"size\": [200, 200]}"
        }
    },
    {
        "model": "thumbnail.kvstore",
        "pk": "sorl-thumbnail||image||b94cfb8345f538c110d11f7db84f5c29",
        "fields": {
            "value": "{\"name\": \"galleries/tretyakovka_2.jpg\", \"storage\": \"django.core.files.storage.FileSystemStorage\", \"size\": [1100, 825]}"
        }
    },
    {
        "model": "thumbnail.kvstore",
        "pk": "sorl-thumbnail||image||c235ab23d23c8219b5699e4398ab4496",
        "fields": {
            "value": "{\"name\": \"cache/ff/5e/ff5e58741ee67617c634b8f14e9aaf47.jpg\", \"storage\": \"django.core.files.storage.FileSystemStorage\", \"size\": [525, 350]}"
        }
    },
    {
        "model": "thumbnail.kvstore",
        "pk": "sorl-thumbnail||image||c33899a17e4fc7c016500e75f7efca63",
        "fields": {
            "value": "{\"name\": \"galleries/tulskiy_art_museum.jpeg\", \"storage\": \"django.core.files.storage.FileSystemStorage\", \"size\": [1772, 1181]}"
        }
    },
    {
        "model": "thumbnail.kvstore",
        "pk": "sorl-thumbnail||image||cbcd51e2183d7be4a989fe9133e07212",
        "fields": {
            "value": "{\"name\": \"artists/repin.jpeg\", \"storage\": \"django.core.files.storage.FileSystemStorage\", \"size\": [747, 864]}"
        }
    },
    {
        "model": "thumbnail.kvstore",
        "pk": "sorl-thumbnail||image||cc49d78068b3aca2959ca0c1c57a887e",
        "fields": {
            "value": "{\"name\": \"cache/04/5e/045e432b7006bfdd9a5a208382847214.jpg\", \"storage\": \"django.core.files.storage.FileSystemStorage\", \"size\": [300, 300]}"
        }
    },
    {
        "model": "thumbnail.kvstore",
        "pk": "sorl-thumbnail||image||ce524885b17d4c57b36be57b7c879338",
        "fields": {
            "value": "{\"name\": \"cache/46/b6/46b6a37564c2550b81998b9a34ba6c9f.jpg\", \"storage\": \"django.core.files.storage.FileSystemStorage\", \"size\": [300, 300]}"
        }
    },
    {
        "model": "thumbnail.kvstore",
        "pk": "sorl-thumbnail||image||ce89d45f21f5e4bd28b7b06c597a0fbe",
        "fields": {
            "value": "{\"name\": \"artists/viktor_vasnetsov.jpg\", \"storage\": \"django.core.files.storage.FileSystemStorage\", \"size\": [800, 901]}"
        }
    },
    {
        "model": "thumbnail.kvstore",
        "pk": "sorl-thumbnail||image||d104c421488c2729aff7e0965ded7789",
        "fields": {
            "value": "{\"name\": \"cache/11/03/11039085b997596842e85e0716bfc74e.jpg\", \"storage\": \"django.core.files.storage.FileSystemStorage\", \"size\": [600, 300]}"
        }
    },
    {
        "model": "thumbnail.kvstore",
        "pk": "sorl-thumbnail||image||d2dde4891cfffd8a95dec72f74763cd9",
        "fields": {
            "value": "{\"name\": \"artists/syrikov.jpg\", \"storage\": \"django.core.files.storage.FileSystemStorage\", \"size\": [720, 540]}"
        }
    },
    {
        "model": "thumbnail.kvstore",
        "pk": "sorl-thumbnail||image||d3f15d584cf2fca7d5fde7f4241eaf37",
        "fields": {
            "value": "{\"name\": \"galleries/kievskaya_gApqLSu.jpg\", \"storage\": \"django.core.files.storage.FileSystemStorage\", \"size\": [3672, 2294]}"
        }
    },
    {
        "model": "thumbnail.kvstore",
        "pk": "sorl-thumbnail||image||d744518cc8385d48f12fc15f08270c76",
        "fields": {
            "value": "{\"name\": \"cache/70/a5/70a58141cdeed7d9ed7f7dc0393f8f7d.jpg\", \"storage\": \"django.core.files.storage.FileSystemStorage\", \"size\": [200, 200]}"
        }
    },
    {
        "model": "thumbnail.kvstore",
        "pk": "sorl-thumbnail||image||dbde9644d0b1e6549264b965e1556b56",
        "fields": {
            "value": "{\"name\": \"artists/shishkin.jpeg\", \"storage\": \"django.core.files.storage.FileSystemStorage\", \"size\": [864, 647]}"
        }
    },
    {
        "model": "thumbnail.kvstore",
        "pk": "sorl-thumbnail||image||de2e45454e493a0f6c5a13a09c2f1ab5",
        "fields": {
            "value": "{\"name\": \"cache/6e/f1/6ef1217fd4ec0c4d4b03c71de523fe2a.jpg\", \"storage\": \"django.core.files.storage.FileSystemStorage\", \"size\": [350, 200]}"
        }
    },
    {
        "model": "thumbnail.kvstore",
        "pk": "sorl-thumbnail||image||e09e9776282b107e97b516ff7a8969af",
        "fields": {
            "value": "{\"name\": \"cache/23/90/239007778ed2513bacbe4c44080cce92.jpg\", \"storage\": \"django.core.files.storage.FileSystemStorage\", \"size\": [350, 200]}"
        }
    },
    {
        "model": "thumbnail.kvstore",
        "pk": "sorl-thumbnail||image||e93d8e411a81c80b8da995447a8f6331",
        "fields": {
            "value": "{\"name\": \"galleries/serpuhovskiy_art_museum.jpg\", \"storage\": \"django.core.files.storage.FileSystemStorage\", \"size\": [1280, 853]}"
        }
    },
    {
        "model": "thumbnail.kvstore",
        "pk": "sorl-thumbnail||image||f0058a3ea4b397f4b09bdf3a71917fc5",
        "fields": {
            "value": "{\"name\": \"cache/12/ed/12ede2ee91729d533033c83e60d41334.jpg\", \"storage\": \"django.core.files.storage.FileSystemStorage\", \"size\": [300, 300]}"
        }
    },
    {
        "model": "thumbnail.kvstore",
        "pk": "sorl-thumbnail||image||f1e7d84e843e2bb4d3dd3837ba758ff4",
        "fields": {
            "value": "{\"name\": \"cache/43/92/439298cb049446975f2095a0d2af9822.jpg\", \"storage\": \"django.core.files.storage.FileSystemStorage\", \"size\": [300, 300]}"
        }
    },
    {
        "model": "thumbnail.kvstore",
        "pk": "sorl-thumbnail||image||f3efcca4de3a6205b273382e41908d42",
        "fields": {
            "value": "{\"name\": \"cache/42/09/4209e70e086f1199a21942d3f403dff8.jpg\", \"storage\": \"django.core.files.storage.FileSystemStorage\", \"size\": [200, 200]}"
        }
    },
    {
        "model": "thumbnail.kvstore",
        "pk": "sorl-thumbnail||image||f6e3447d142ca5eb1c211a9c0dca71dd",
        "fields": {
            "value": "{\"name\": \"cache/78/51/7851ffc39fb50df095885676a754a1f2.jpg\", \"storage\": \"django.core.files.storage.FileSystemStorage\", \"size\": [200, 200]}"
        }
    },
    {
        "model": "thumbnail.kvstore",
        "pk": "sorl-thumbnail||image||f94075128e7a1dcc2d0f0d252e42d9e9",
        "fields": {
            "value": "{\"name\": \"cache/47/9c/479c99346126746aba829138d04a72e5.jpg\", \"storage\": \"django.core.files.storage.FileSystemStorage\", \"size\": [350, 200]}"
        }
    },
    {
        "model": "thumbnail.kvstore",
        "pk": "sorl-thumbnail||image||fbe412e67f4aba884ddbb7b57d05fcbc",
        "fields": {
            "value": "{\"name\": \"artists/polenov.jpeg\", \"storage\": \"django.core.files.storage.FileSystemStorage\", \"size\": [900, 900]}"
        }
    },
    {
        "model": "thumbnail.kvstore",
        "pk": "sorl-thumbnail||thumbnails||029d80e1fee1da73749f763e7d733bf1",
        "fields": {
            "value": "[\"f0058a3ea4b397f4b09bdf3a71917fc5\", \"12302d6484e1ea33e951143795cbcdff\"]"
        }
    },
    {
        "model": "thumbnail.kvstore",
        "pk": "sorl-thumbnail||thumbnails||0490a6f8663bfc43d8eb191cfb87af8a",
        "fields": {
            "value": "[\"d744518cc8385d48f12fc15f08270c76\", \"109cab63e6775a0d6fdeaf62aa668b25\"]"
        }
    },
    {
        "model": "thumbnail.kvstore",
        "pk": "sorl-thumbnail||thumbnails||0f54570425e7860ec6996de4f8292fe4",
        "fields": {
            "value": "[\"a3a851c41751e6bd211afcbe103201f0\"]"
        }
    },
    {
        "model": "thumbnail.kvstore",
        "pk": "sorl-thumbnail||thumbnails||1970fc8e73ae444eee2246e56215bc2d",
        "fields": {
            "value": "[\"92f25f0ac968ed2b3e87cbae921e9a7c\", \"5ce2b865d59be61aa831bad30f45b6eb\"]"
        }
    },
    {
        "model": "thumbnail.kvstore",
        "pk": "sorl-thumbnail||thumbnails||1f5502096a8b9142875a8a95bca027a7",
        "fields": {
            "value": "[\"286aa177ccde55c8b202a0ee2c7b6896\"]"
        }
    },
    {
        "model": "thumbnail.kvstore",
        "pk": "sorl-thumbnail||thumbnails||2221ff143c1079ae7a6e8f8904523590",
        "fields": {
            "value": "[\"931b16d1921e558b3da7daac6b74d2b6\"]"
        }
    },
    {
        "model": "thumbnail.kvstore",
        "pk": "sorl-thumbnail||thumbnails||22cf59afdd7de070b2b8589c3c8828f5",
        "fields": {
            "value": "[\"4c662d7e0c965b42897c8a6191838ff1\"]"
        }
    },
    {
        "model": "thumbnail.kvstore",
        "pk": "sorl-thumbnail||thumbnails||2e3d851e5b519e365af3f41ff82f4f1e",
        "fields": {
            "value": "[\"1fb1a35144a6ae66598958540a855a56\", \"5f5e7b62745834ae36ebd6841fb9e4cf\"]"
        }
    },
    {
        "model": "thumbnail.kvstore",
        "pk": "sorl-thumbnail||thumbnails||35640075726b2bde50612ed27d54dfb6",
        "fields": {
            "value": "[\"e09e9776282b107e97b516ff7a8969af\"]"
        }
    },
    {
        "model": "thumbnail.kvstore",
        "pk": "sorl-thumbnail||thumbnails||39e001063afefdada4220752769daedc",
        "fields": {
            "value": "[\"730e055af599eb1febef7e8f323c400d\", \"f1e7d84e843e2bb4d3dd3837ba758ff4\"]"
        }
    },
    {
        "model": "thumbnail.kvstore",
        "pk": "sorl-thumbnail||thumbnails||43c75f59e5174a8b49e5174dfdc8556a",
        "fields": {
            "value": "[\"d104c421488c2729aff7e0965ded7789\"]"
        }
    },
    {
        "model": "thumbnail.kvstore",
        "pk": "sorl-thumbnail||thumbnails||633f106219b60ad00fa8cb158d16c25c",
        "fields": {
            "value": "[\"f94075128e7a1dcc2d0f0d252e42d9e9\"]"
        }
    },
    {
        "model": "thumbnail.kvstore",
        "pk": "sorl-thumbnail||thumbnails||657e640b7ad4644913962b56eeae3660",
        "fields": {
            "value": "[\"0d6490f0e0aead0e56e8ddecfd23b32f\", \"5b0193c523e8fe1f3703997bd35d0b7e\"]"
        }
    },
    {
        "model": "thumbnail.kvstore",
        "pk": "sorl-thumbnail||thumbnails||6eed79bb5024f85daaefcefcef6b1097",
        "fields": {
            "value": "[\"526e29153e20766611c0132bde4a5029\"]"
        }
    },
    {
        "model": "thumbnail.kvstore",
        "pk": "sorl-thumbnail||thumbnails||80853631df914a0f60a71865199d5a55",
        "fields": {
            "value": "[\"f3efcca4de3a6205b273382e41908d42\", \"5b332f8fafab3a9045cc96ed6527b1ef\"]"
        }
    },
    {
        "model": "thumbnail.kvstore",
        "pk": "sorl-thumbnail||thumbnails||8116525d77f53acbae5b98ce5b02db53",
        "fields": {
            "value": "[\"f6e3447d142ca5eb1c211a9c0dca71dd\", \"cc49d78068b3aca2959ca0c1c57a887e\"]"
        }
    },
    {
        "model": "thumbnail.kvstore",
        "pk": "sorl-thumbnail||thumbnails||8da9d18e9d0d0df089d9ea45af51f717",
        "fields": {
            "value": "[\"6beef14d20ce1ce5dddd751191e794d6\", \"53da57b01eecce445baca037a8da0605\"]"
        }
    },
    {
        "model": "thumbnail.kvstore",
        "pk": "sorl-thumbnail||thumbnails||91cae8586df0665cd48574681f20b708",
        "fields": {
            "value": "[\"716ae762a38bc804046cca2394d8230c\"]"
        }
    },
    {
        "model": "thumbnail.kvstore",
        "pk": "sorl-thumbnail||thumbnails||ab9c292036f2e08599dddf531cbfa78f",
        "fields": {
            "value": "[\"2cbb6175bee68790762e176538e31a2a\", \"8bced83ca554b78c01c5b8bd2a85f986\"]"
        }
    },
    {
        "model": "thumbnail.kvstore",
        "pk": "sorl-thumbnail||thumbnails||b94cfb8345f538c110d11f7db84f5c29",
        "fields": {
            "value": "[\"80f5b0154895e8b21eecd594a5032584\"]"
        }
    },
    {
        "model": "thumbnail.kvstore",
        "pk": "sorl-thumbnail||thumbnails||c33899a17e4fc7c016500e75f7efca63",
        "fields": {
            "value": "[\"c235ab23d23c8219b5699e4398ab4496\", \"de2e45454e493a0f6c5a13a09c2f1ab5\"]"
        }
    },
    {
        "model": "thumbnail.kvstore",
        "pk": "sorl-thumbnail||thumbnails||cbcd51e2183d7be4a989fe9133e07212",
        "fields": {
            "value": "[\"ce524885b17d4c57b36be57b7c879338\", \"2b1d23c99bd5848d1908e853f3e762d4\"]"
        }
    },
    {
        "model": "thumbnail.kvstore",
        "pk": "sorl-thumbnail||thumbnails||ce89d45f21f5e4bd28b7b06c597a0fbe",
        "fields": {
            "value": "[\"840cae5d6cdc85112415a0165a880ccb\", \"9e4d77514f3121f8f841ac581d09aec0\"]"
        }
    },
    {
        "model": "thumbnail.kvstore",
        "pk": "sorl-thumbnail||thumbnails||d2dde4891cfffd8a95dec72f74763cd9",
        "fields": {
            "value": "[\"9c9ff781c5c0c183757cc75953911290\", \"346ea6d296e7129c5b415dc658aacd5c\"]"
        }
    },
    {
        "model": "thumbnail.kvstore",
        "pk": "sorl-thumbnail||thumbnails||d3f15d584cf2fca7d5fde7f4241eaf37",
        "fields": {
            "value": "[\"4b5e0c2067c825927549e57c16785a60\"]"
        }
    },
    {
        "model": "thumbnail.kvstore",
        "pk": "sorl-thumbnail||thumbnails||dbde9644d0b1e6549264b965e1556b56",
        "fields": {
            "value": "[\"550b99b00c78df30c0f052266e21d052\", \"ac37bc2a9d550f7a4bcb46f631b79550\"]"
        }
    },
    {
        "model": "thumbnail.kvstore",
        "pk": "sorl-thumbnail||thumbnails||e93d8e411a81c80b8da995447a8f6331",
        "fields": {
            "value": "[\"43a03cb20a3d862c1b14e4627d1c4e85\"]"
        }
    },
    {
        "model": "thumbnail.kvstore",
        "pk": "sorl-thumbnail||thumbnails||fbe412e67f4aba884ddbb7b57d05fcbc",
        "fields": {
            "value": "[\"342df48b328bc6f5dce4b4f8d4063289\", \"583d140092604dfc695e88613cb7c66d\"]"
        }
    }
]